year,carbon_gbp_per_tonne,inflation_index
2025,260.0,104.24
2026,264.0,106.43
2027,268.0,108.67
2028,272.0,110.95
2029,276.0,113.28
2030,280.0,115.66
2031,285.0,118.09
2032,289.0,120.57
2033,293.0,123.1
2034,298.0,125.68
2035,302.0,128.32
2036,307.0,131.02
2037,312.0,133.77
2038,316.0,136.58
2039,321.0,139.45
2040,326.0,142.38
2041,331.0,145.37
2042,336.0,148.42
2043,341.0,151.54
2044,346.0,154.72
2045,351.0,157.97
2046,356.0,161.28
2047,362.0,164.67
2048,367.0,168.13
2049,373.0,171.66
2050,378.0,175.26
2051,379.553846153846,178.95
2052,384.278632478633,182.7
2053,389.003418803419,186.54
2054,393.728205128205,190.46
2055,398.452991452992,194.46
2056,403.177777777778,198.54
2057,407.902564102564,202.71
2058,412.627350427351,206.97
2059,417.352136752137,211.31
2060,422.076923076923,215.75
2061,426.80170940171,220.28
2062,431.526495726496,224.91
2063,436.251282051282,229.63
2064,440.976068376069,234.45
2065,445.700854700855,239.38
2066,450.425641025641,244.4
2067,455.150427350428,249.54
2068,459.875213675214,254.78
2069,464.6,260.13
2070,469.324786324787,265.59
2071,474.049572649573,271.17
2072,478.774358974359,276.86
2073,483.499145299146,282.67
2074,488.223931623932,288.61
2075,492.948717948718,294.67
2076,497.673504273504,300.86
2077,502.398290598291,307.18
2078,507.123076923077,313.63
2079,511.847863247863,320.21
2080,516.57264957265,326.94
2081,521.297435897436,333.81
2082,526.022222222222,340.82
2083,530.747008547009,347.97
2084,535.471794871795,355.28
2085,540.196581196581,362.74
2086,544.921367521368,370.36
2087,549.646153846154,378.14
2088,554.37094017094,386.08
2089,559.095726495727,394.18
2090,563.820512820513,402.46
2091,568.545299145299,410.91
2092,573.270085470086,419.54
2093,577.994871794872,428.35
2094,582.719658119658,437.35
2095,587.444444444445,446.53
2096,592.169230769231,455.91
2097,596.894017094017,465.48
2098,601.618803418804,475.26
2099,606.34358974359,485.24
2100,611.068376068376,495.43
