Unnamed: 0,Local Auth,Total Annual Demand,Mode Share Taxi,Mode Share Car,Mode Share Rail,lat,lng,Car Distance [m],Car Time Taken [s],Transit Distance [m],Transit Time Taken [s]
1,Aberdeen City,7000,0.2841717128537765,0.4437648387351166,0.2720634484111069,57.1498891,-2.0937528,857680.0,31637.0,872625.0,31242.0
2,Aberdeenshire,1000,0.0,1.0,0.0,57.28687230000001,-2.3815684,879463.0,32439.0,900775.0,32152.0
3,Adur,13000,0.0,0.8871342763308985,0.0,50.8348175,-0.3101263,109867.0,4306.0,123156.0,9889.0
4,Allerdale,3000,0.0,0.2188427492507967,0.0,54.6990638,-3.1994197,499215.0,18571.0,532077.0,26474.0
5,Amber Valley,13000,0.0,0.8579522061253322,0.06281156587284197,53.0151867,-1.4823067,217494.0,8816.0,251567.0,13219.0
6,Angus,3000,0.0,1.0,0.0,56.6979538,-2.9124057,784429.0,28784.0,796945.0,72221.0
7,Argyll and Bute,3000,0.0,0.6521215915288451,0.3478784084711549,56.4006214,-5.480748,796125.0,30893.0,811216.0,38417.0
8,Arun,60000,0.2436028951107032,0.6029771035294661,0.07265259677836698,50.82341,-0.5756878999999999,90644.0,4958.0,115721.0,10326.0
9,Ashfield,12000,0.0,0.4729761453381879,0.0,53.09289279999999,-1.2697006,220630.0,8600.0,274314.0,14482.0
10,Ashford,47000,0.3743647058969548,0.3039866976087672,0.3005053485092252,51.14510070000001,0.8739631,127161.0,5058.0,121330.0,6607.0
11,Aylesbury Vale,200000,0.313800989982825,0.6371585598496758,0.03435018737711512,51.81767259999999,-0.8194542,63173.0,2804.0,90699.0,7131.0
12,Babergh,36000,0.1257019256734478,0.5971846767559514,0.2209526592236422,52.0603616,0.9175876999999999,166505.0,7516.0,190001.0,15030.0
13,Barking and Dagenham,114000,0.3102687585030888,0.3914503267101463,0.2548021602366546,51.5540666,0.134017,98778.0,4273.0,51973.0,5672.0
14,Barnet,608000,0.5393378917579464,0.2380810454859285,0.2162072082204324,51.6569225,-0.1949252,51989.0,2227.0,48217.0,6222.0
15,Barnsley,11000,0.0,0.4061393015780214,0.5938606984219786,53.55263,-1.479726,282690.0,11042.0,322176.0,14262.0
16,Barrow-in-Furness,6000,0.0,1.0,0.0,54.108967,-3.218894,458494.0,17569.0,457350.0,18847.0
17,Basildon,81000,0.4033278224704926,0.4554592730579,0.09640713337573138,51.57608399999999,0.488736,105815.0,4358.0,70721.0,5887.0
18,Basingstoke and Deane,326000,0.2606750654385337,0.5640731583610944,0.04827513840179128,51.299173,-1.1782681,61409.0,2395.0,65119.0,7989.0
19,Bassetlaw,6000,0.3113218497229885,0.3618539576571155,0.0,53.3186178,-0.9398502999999999,245736.0,9753.0,257543.0,10249.0
20,Bath and North East Somerset,245000,0.09691185938283162,0.3422880381565227,0.1119816187259077,51.3250102,-2.4766241,171551.0,7195.0,172393.0,12772.0
21,Bedford,108000,0.3942586498639166,0.4647686249661578,0.09671045979020448,52.1386603,-0.4667687,92027.0,4182.0,114087.0,7027.0
22,Bexley,142000,0.3737552828861813,0.3994994160046907,0.2267453011091279,51.439933,0.154327,92273.0,3711.0,53471.0,5707.0
23,Birmingham,271000,0.1153623539397392,0.5046582697697051,0.129326244744819,52.4822694,-1.8900078,184066.0,6894.0,193507.0,9875.0
24,Blaby,37000,0.1835346215896139,0.7716829136730816,0.0,52.5707761,-1.1656497,154505.0,6318.0,199004.0,11674.0
25,Blackburn with Darwen,3000,0.3951064332094987,0.0,0.6048935667905012,53.6957522,-2.4682985,356700.0,13211.0,360985.0,15298.0
26,Blackpool,5000,0.4191962748734004,0.0,0.5808037251265995,53.81674229999999,-3.0370485,379010.0,14073.0,395456.0,14442.0
27,Blaenau Gwent,9000,0.2992434800698769,0.700756519930123,0.0,51.7875779,-3.2043931,230719.0,9185.0,226234.0,12955.0
28,Bolsover,9000,0.0,0.7051797290634358,0.04234363458020479,53.231044,-1.2897209,236839.0,9190.0,294396.0,15222.0
29,Bolton,12000,0.0,0.6573665336822673,0.2225259435643619,53.57686469999999,-2.4282192,332529.0,12316.0,353339.0,13327.0
30,Boston,9000,0.2095739523085954,0.677653069014315,0.0,52.97893999999999,-0.026577,200209.0,8993.0,212343.0,14767.0
31,"Bournemouth, Christchurch and Poole",354000,0.1615520125991118,0.3767480946713223,0.009158036713090833,50.7380046,-1.9883161,146885.0,5855.0,156892.0,10100.0
32,Bracknell Forest,215000,0.3818802097647729,0.5287585043986737,0.03118651572465199,51.4153828,-0.7536495,31107.0,1591.0,29697.0,3586.0
33,Bradford,20000,0.1630007300083105,0.1818328282473292,0.5312909024127,53.7937996,-1.7563583,326710.0,12824.0,345463.0,15042.0
34,Braintree,55000,0.2613266860735737,0.4939273144211591,0.1358674959265259,51.880087,0.5509269,128159.0,5012.0,106043.0,7627.0
35,Breckland,33000,0.0,0.5684616497916427,0.3005404289818695,52.5716157,0.8354678,202066.0,7955.0,257728.0,16669.0
36,Brent,732000,0.4546092089711412,0.2194690906923147,0.3018754053353362,51.5672808,-0.2710568,35433.0,2112.0,41860.0,4749.0
37,Brentwood,30000,0.3931157093265657,0.3277190008094058,0.2421059035883047,51.620475,0.3071749,89206.0,3758.0,66015.0,5107.0
38,Bridgend,29000,0.0411782745998831,0.2159006112466578,0.1059809933829791,51.504286,-3.576945,242409.0,9163.0,242867.0,10355.0
39,Brighton and Hove,273000,0.1918307340687704,0.2986182413656953,0.2074521791360458,50.8226288,-0.137047,101932.0,4358.0,117213.0,8632.0
40,"Bristol, City of",469000,0.1228574649236851,0.2339801153658485,0.1179908809059529,51.4548943,-2.5926854,166525.0,6316.0,169603.0,9468.0
41,Broadland,26000,0.3545644662128259,0.460474196680825,0.1437309806210687,52.73911769999999,1.2409416,239940.0,9704.0,234430.0,16112.0
42,Bromley,329000,0.3611327540006355,0.2578359527507358,0.3311373968002468,51.4063204,0.0186804,88526.0,4095.0,44772.0,5202.0
43,Bromsgrove,22000,0.1531288153694373,0.6056221007441124,0.113864183351049,52.335589,-2.061906,168941.0,6103.0,235887.0,10987.0
44,Broxbourne,30000,0.2594890035339217,0.6938616505156447,0.0,51.74347299999999,-0.021151,67857.0,3054.0,61205.0,6127.0
45,Broxtowe,32000,0.0763370091906547,0.5662537887462705,0.1383472053821996,52.9854591,-1.264754,209390.0,8257.0,249536.0,14539.0
46,Burnley,4000,0.7256104529047905,0.2743895470952095,0.0,53.7892877,-2.2405035,366033.0,13788.0,404629.0,15882.0
47,Bury,7000,0.5271384133510778,0.2953482714611013,0.0,53.5933498,-2.2966054,335828.0,12850.0,352556.0,14767.0
48,Caerphilly,26000,0.07940003516301797,0.2528829967072116,0.319602415106348,51.578829,-3.218134,225750.0,8556.0,223239.0,11217.0
49,Calderdale,9000,0.1097264978924105,0.0,0.4313397642505178,53.7247845,-1.8658357,329819.0,13083.0,362343.0,17246.0
50,Cambridge,419000,0.2705191082253336,0.1984649896847813,0.2730018238835777,52.1950788,0.1312729,109008.0,5192.0,127252.0,6727.0
51,Camden,1876000,0.324727926530567,0.04831142702738239,0.6122252517255552,51.5390261,-0.1425516,42003.0,2972.0,33003.0,3298.0
52,Cannock Chase,6000,0.8077017138848174,0.1922982861151827,0.0,52.7183027,-1.9858812,204455.0,7665.0,250105.0,13579.0
53,Canterbury,135000,0.2019963736741271,0.3617158808451788,0.3236465619282125,51.280233,1.0789089,138677.0,5746.0,144081.0,7987.0
54,Cardiff,268000,0.07094990186935703,0.2830271748247772,0.1220972648274703,51.483707,-3.1680962,216250.0,8439.0,210461.0,9155.0
55,Carlisle,7000,0.0,0.07752619823101987,0.9224738017689802,54.892473,-2.932931,490718.0,17882.0,512335.0,15427.0
56,Carmarthenshire,50000,0.02158651916728109,0.6048528966140733,0.09738274802014188,51.8572309,-4.311595899999999,317880.0,11909.0,335705.0,16198.0
57,Castle Point,25000,0.4051354379466261,0.4035980366702716,0.1912665253831024,51.5345547,0.5905060000000001,117376.0,5036.0,84020.0,8435.0
58,Central Bedfordshire,164000,0.2447694054242673,0.6526138732081933,0.04294644145297699,52.0029744,-0.4651388999999999,71292.0,3154.0,101378.0,8022.0
59,Ceredigion,25000,0.08035587426916711,0.3562275932632066,0.04521391404684108,52.21914289999999,-3.9321256,333635.0,15033.0,391017.0,22765.0
60,Channel Islands,4000,0.3227535922822391,0.0,0.395073492545662,55.378051,-3.435973,559937.0,20503.0,,
61,Charnwood,85000,0.1907381492851532,0.3652410379366711,0.1681930937509686,52.7407093,-1.1451461,177718.0,6865.0,218192.0,11750.0
62,Chelmsford,117000,0.326051552241947,0.4933546856172693,0.1501871896851247,51.7355868,0.4685497,107676.0,4548.0,81673.0,5227.0
63,Cheltenham,110000,0.1731252599226268,0.4735975931472388,0.0667936370797721,51.8993855,-2.0782533,153009.0,6167.0,218900.0,8735.0
64,Cherwell,156000,0.1969953556381748,0.4588558693361755,0.03258458397204007,51.8884129,-1.2034285,82179.0,3218.0,94199.0,11322.0
65,Cheshire East,34000,0.02816824261219898,0.5080802486412033,0.4637515087465977,53.1610446,-2.2185932,278876.0,10411.0,307144.0,13162.0
66,Cheshire West and Chester,23000,0.05538049717165575,0.1756584802768484,0.6763207035650377,53.2302974,-2.7151117,301221.0,11701.0,332213.0,14569.0
67,Chesterfield,24000,0.07223974763717306,0.7458941644703818,0.06910361323888277,53.235048,-1.421629,239935.0,9099.0,276654.0,11802.0
68,Chichester,106000,0.321960716045919,0.544092611726374,0.0603769910197183,50.83761000000001,-0.774936,101250.0,4807.0,139624.0,9642.0
69,Chiltern,145000,0.3934515194481532,0.4987127104077842,0.02814286532545068,51.6606074,-0.6409481,30748.0,1619.0,48087.0,7388.0
70,Chorley,5000,0.0,0.7179564071555162,0.0,53.653511,-2.632596,352109.0,12907.0,371867.0,14167.0
71,City of Edinburgh,44000,0.1753296842951429,0.06690415842746862,0.6401514485601214,55.953252,-3.188267,646155.0,25138.0,662865.0,21522.0
72,City of London,667000,0.2927827362852616,0.05674492595462678,0.620903856291277,51.5123443,-0.0909852,33197.0,3310.0,34465.0,3571.0
73,Clackmannanshire,1000,1.0,0.0,0.0,56.1075351,-3.7529409,674156.0,24300.0,723983.0,27748.0
74,Colchester,125000,0.1747713209257945,0.4584358187576608,0.2211913051723375,51.895927,0.8918740000000001,148017.0,6019.0,117953.0,7333.0
75,Conwy,5000,0.0,0.2503210310085306,0.7496789689914694,53.282872,-3.82948,397384.0,14501.0,392527.0,15887.0
76,Copeland,2000,0.0,0.0,1.0,54.4305545,-3.389242,484376.0,19812.0,,
77,Corby,15000,0.1008755129191093,0.6791262224833274,0.1516474998097903,52.49229829999999,-0.6842332999999999,146136.0,6435.0,161936.0,8827.0
78,Cornwall,221000,0.1291128744527651,0.4420198140700234,0.1719621234302626,50.26604709999999,-5.0527125,392593.0,15482.0,474898.0,19847.0
79,Cotswold,99000,0.1386844731652863,0.719341861802367,0.02212374696152242,51.794968,-1.8838937,138816.0,5381.0,160715.0,17660.0
80,County Durham,50000,0.1370730556462321,0.2634949107170306,0.4970922087209008,54.7294099,-1.8811598,427484.0,16960.0,444113.0,20841.0
81,Coventry,200000,0.1246710279566404,0.2753634744553919,0.2054168323010182,52.4128163,-1.5089521,153111.0,5560.0,182458.0,6967.0
82,Craven,5000,0.0,0.1817968243536349,0.818203175646365,54.1091134,-2.1562821,411375.0,16772.0,,
83,Crawley,474000,0.3280865174004172,0.1164927266799329,0.1011144726155804,51.1091401,-0.1872275,67630.0,2887.0,69999.0,4798.0
84,Croydon,337000,0.4072137240339376,0.3544992432141592,0.1315759913811389,51.3769529,-0.0956895,64052.0,3393.0,51398.0,4267.0
85,Dacorum,148000,0.3134246831533529,0.5590963829429482,0.03522255047222941,51.74563699999999,-0.4993067999999999,38962.0,1681.0,41716.0,5934.0
86,Darlington,12000,0.2080550554575685,0.1811238663014633,0.6108210782409682,54.52361,-1.559458,399792.0,15337.0,405116.0,13782.0
87,Dartford,68000,0.2550534424858359,0.4877867983044255,0.2408365266374318,51.44621,0.216872,88759.0,3616.0,63627.0,7267.0
88,Daventry,30000,0.1990908218836369,0.6662985874760383,0.1055327185442262,52.25602749999999,-1.1625942,123753.0,5093.0,157400.0,11262.0
89,Denbighshire,3000,0.0,0.0,0.3110009402606266,53.1842288,-3.4224985,378762.0,13978.0,393113.0,17576.0
90,Derby,55000,0.0084346024655129,0.778327824693887,0.1014966659959841,52.9225301,-1.4746186,206556.0,8022.0,237928.0,10302.0
91,Derbyshire Dales,8000,0.0,0.3954223585108982,0.6045776414891019,53.1632937,-1.6699826,252314.0,10598.0,280045.0,18071.0
92,Doncaster,47000,0.2970550566825648,0.2933016432322795,0.3491351746982724,53.52282,-1.128462,275178.0,10693.0,281956.0,10242.0
93,Dorset,231000,0.1872336905641536,0.5068242956279704,0.06401545361933395,50.7487635,-2.3444786,169967.0,6781.0,211266.0,15516.0
94,Dover,88000,0.197919256975073,0.4610862892853306,0.2546298052390448,51.1278758,1.3134027,160886.0,6184.0,155275.0,8407.0
95,Dudley,38000,0.129049563557547,0.5650594027644436,0.08620890733517175,52.512255,-2.081112,190802.0,7264.0,208397.0,13795.0
96,Dumfries and Galloway,6000,0.7101645613533432,0.0,0.135976251732826,55.0701073,-3.6052581,541672.0,19857.0,565365.0,19621.0
97,Dundee City,4000,0.0,0.0,0.0,56.462018,-2.970721,754034.0,27520.0,758044.0,24042.0
98,Ealing,1235000,0.3490949580515607,0.2221431645505839,0.3833340452685548,51.5132537,-0.3043136,21969.0,1450.0,17303.0,1646.0
99,East Cambridgeshire,46000,0.1595535435607273,0.5479732410665459,0.1166125964778693,52.4036809,0.2428121,139819.0,6396.0,154282.0,10858.0
100,East Devon,84000,0.100764162738726,0.4399241911871814,0.06682616350181861,50.75859699999999,-3.2591051,232750.0,9760.0,239637.0,16773.0
101,East Hampshire,107000,0.2563054760766324,0.7167603920127433,0.0,51.1187851,-0.8749889999999999,57101.0,2816.0,64894.0,8203.0
102,East Hertfordshire,87000,0.1873460621940751,0.5858979891933331,0.1414640303157086,51.8945409,-0.0475868,73875.0,3795.0,,
103,East Lindsey,22000,0.2386685812244527,0.5915196609707167,0.1225463569204487,53.30423649999999,0.100202,243898.0,11482.0,311627.0,22713.0
104,East Lothian,9000,0.2632193400445069,0.0,0.4362823527312188,55.9493383,-2.7704464,621051.0,24136.0,636293.0,22682.0
105,East Northamptonshire,35000,0.0766174498168965,0.874020416137204,0.04936213404589958,52.4883422,-0.459232,151952.0,6284.0,179794.0,12000.0
106,East Riding of Yorkshire,26000,0.01750273697362168,0.4799625415986039,0.5025347214277744,53.8416168,-0.4344106,337493.0,13368.0,426407.0,16996.0
107,East Staffordshire,9000,0.1539745909328579,0.6794588543766253,0.1665665546905167,52.838654,-1.8285789,216040.0,8784.0,,
108,East Suffolk,80000,0.2053088956537173,0.4835889505480959,0.2118470911683383,52.1872472,0.9707800999999999,191872.0,7385.0,165841.0,11662.0
109,Eastbourne,42000,0.1838741317683772,0.3719714841478,0.07768518228254616,50.768035,0.290472,134082.0,5908.0,140674.0,9067.0
110,Eastleigh,58000,0.243789457023856,0.5838704688667841,0.03883577383246294,50.967182,-1.374688,93393.0,3584.0,106397.0,6749.0
111,Eden,3000,0.0,0.5451007289908915,0.4548992710091085,54.6673412,-2.6962179,463035.0,16853.0,497676.0,23685.0
112,Elmbridge,295000,0.4876703012630976,0.4860737360695057,0.006841935406837888,51.3673135,-0.3983625,23329.0,1535.0,30472.0,5523.0
113,Enfield,272000,0.2956024725329733,0.3272501955087003,0.3705727171383176,51.6522994,-0.0807119,59447.0,2690.0,50910.0,5407.0
114,Epping Forest,95000,0.3617184971962495,0.334430253295897,0.2876089345589047,51.6570766,0.0412824,70789.0,2843.0,55087.0,7365.0
115,Epsom and Ewell,102000,0.4278748183501341,0.5006968554589327,0.01693583154413635,51.3362231,-0.2688232,38534.0,2070.0,28076.0,5715.0
116,Erewash,19000,0.06192289332151452,0.7860044034778874,0.06291617882091192,52.931125,-1.3255597,199491.0,7757.0,235721.0,15190.0
117,Exeter,116000,0.06659283019238471,0.2496749219013982,0.2669878979112013,50.72603669999999,-3.5274889,250083.0,10563.0,304387.0,10267.0
118,Falkirk,4000,0.0,0.0,0.5596861213125135,56.00187750000001,-3.7839131,661756.0,24031.0,704129.0,22242.0
119,Fareham,78000,0.1882262884651605,0.5915595449229839,0.0,50.8548464,-1.1865868,119911.0,4529.0,102165.0,8089.0
120,Fenland,24000,0.1868123105809994,0.7754938654395028,0.03769382397949769,52.54748360000001,0.0873357,157189.0,7116.0,182755.0,10594.0
121,Fife,1000,0.0,0.0,0.0,56.2082078,-3.1495175,717988.0,25989.0,718564.0,26658.0
122,Flintshire,7000,0.2048479121822367,0.3204009188370101,0.2204856781335529,53.1668658,-3.1418908,345959.0,12727.0,341185.0,14339.0
123,Folkestone and Hythe,53000,0.1866889629550865,0.3668009675507934,0.292680588974464,51.0832153,1.1706631,149276.0,5663.0,143734.0,8875.0
124,Forest of Dean,54000,0.07678376633269265,0.3997058177518873,0.0617410054855746,51.7999835,-2.5519169,185511.0,7671.0,241956.0,15005.0
125,Fylde,4000,0.0,1.0,0.0,53.7669515,-2.9030322,374487.0,13989.0,386981.0,15475.0
126,Gateshead,11000,0.1162678990399707,0.3176690634258877,0.3794930992992722,54.95268,-1.603411,449759.0,17381.0,466108.0,16602.0
127,Gedling,13000,0.3875456305312958,0.4591752088077586,0.09166784131828863,52.97345499999999,-1.0800559,210298.0,9053.0,246206.0,12968.0
128,Glasgow City,39000,0.2540178482096526,0.2854535620901222,0.3688692181188725,55.86167039999999,-4.2583345,643203.0,23167.0,676354.0,21222.0
129,Gloucester,91000,0.06693762133456856,0.6076298541971236,0.03976639793058209,51.8642449,-2.238156,158485.0,6355.0,209048.0,8467.0
130,Gosport,29000,0.302586352574296,0.5387058279308665,0.0,50.800482,-1.1409959,125485.0,5032.0,100337.0,8940.0
131,Gravesham,51000,0.2306260514796575,0.6693133833320141,0.1000605651883285,51.44188399999999,0.370759,97473.0,3948.0,70850.0,5047.0
132,Great Yarmouth,18000,0.2679028833251875,0.5258595086774467,0.07973467785425943,52.598233,1.728047,257955.0,9924.0,251355.0,14767.0
133,Greenwich,384000,0.3178765990883544,0.1072424589537704,0.488020160689971,51.4933675,0.0098214,104994.0,4204.0,42274.0,4588.0
134,Guildford,339000,0.4783480388421713,0.443422466198381,0.009189837472044882,51.23622,-0.570409,35415.0,1869.0,28275.0,3049.0
135,Gwynedd,9000,0.5052839200004267,0.1419009955047627,0.09035772646230783,52.9277266,-4.1334836,377000.0,15793.0,496559.0,23829.0
136,Hackney,459000,0.2888261949734675,0.03500237942603323,0.6588120443338515,51.5436387,-0.0553621,95444.0,4032.0,44547.0,4390.0
137,Halton,4000,0.0,1.0,0.0,53.33172099999999,-2.695822,311662.0,11480.0,328174.0,13300.0
138,Hambleton,18000,0.04983015615169459,0.5563397649110813,0.3938300789372241,52.65709400000001,-0.666149,177879.0,7451.0,195418.0,15958.0
139,Hammersmith and Fulham,1180000,0.3931230311205344,0.0784278695962399,0.5098983399997066,51.5000049,-0.2378535,22940.0,1439.0,22619.0,3207.0
140,Harborough,41000,0.2921076444746066,0.562614185171158,0.1011051807472837,52.5708762,-0.9346458,158657.0,7066.0,,
141,Haringey,375000,0.2954354136564734,0.1226180229571532,0.5731709406980956,51.59052699999999,-0.1033379,46899.0,3170.0,38537.0,4493.0
142,Harlow,46000,0.1199628241546044,0.5940590536537178,0.2859781221916779,51.767787,0.087806,82896.0,3626.0,70087.0,5707.0
143,Harrogate,26000,0.1095161635560543,0.4337446488285377,0.2553840466441523,53.99212,-1.541812,339107.0,14054.0,367136.0,13842.0
144,Harrow,510000,0.5406390320087331,0.3361936032002044,0.09965805266864301,51.5805011,-0.3421192,27215.0,1758.0,41946.0,4387.0
145,Hart,141000,0.3016081589263752,0.6429838580504088,0.01349710129544693,51.3016959,-0.8929571000000001,41290.0,1835.0,48202.0,8092.0
146,Hartlepool,6000,0.0,0.0,1.0,54.691745,-1.212926,421555.0,16346.0,511551.0,17802.0
147,Hastings,45000,0.0206690007451952,0.785274750437835,0.1115045206958218,50.854259,0.573453,132244.0,6065.0,162206.0,9487.0
148,Havant,68000,0.4175639193113619,0.4109690164126306,0.04582832817294139,50.8518324,-0.9847131999999998,97718.0,4098.0,86282.0,6649.0
149,Havering,151000,0.2844377174309972,0.3795538862522424,0.3018342599088445,51.577924,0.2120829,91532.0,3891.0,56145.0,5194.0
150,"Herefordshire, County of",41000,0.1024052051221503,0.5072157744273578,0.2089600600109076,52.0765164,-2.6544182,201815.0,8554.0,269282.0,15255.0
151,Hertsmere,107000,0.4009909719246273,0.4114883345347397,0.1111529184048417,51.6619501,-0.3075666,41000.0,2074.0,57130.0,7338.0
152,High Peak,7000,0.0,0.18577762770832,0.4996475925265231,53.3325341,-1.8876721,276665.0,11755.0,350217.0,16430.0
153,Highland,5000,0.0,0.524826294578334,0.2055108227797081,57.4595749,-4.2263955,896215.0,33340.0,943771.0,37615.0
154,Hillingdon,1524000,0.3455900578280055,0.3016552672154574,0.0959260200217752,51.5351832,-0.4481378,11208.0,928.0,14486.0,3232.0
155,Hinckley and Bosworth,18000,0.2115619487529549,0.5613629914451944,0.101858481073524,52.6302593,-1.4115209,178399.0,7406.0,221032.0,14431.0
156,Horsham,83000,0.3258161209249489,0.5616740730423346,0.01750978926651652,51.062883,-0.325858,63648.0,3347.0,84335.0,6089.0
157,Hounslow,1103000,0.3877541276687793,0.276436397653358,0.2295510913572945,51.4704124,-0.3633719,15047.0,1205.0,9393.0,1522.0
158,Huntingdonshire,105000,0.225714494648124,0.47166101273535,0.2388152899447285,52.33146,-0.182552,121070.0,5413.0,128844.0,6907.0
159,Ipswich,87000,0.1983708845721039,0.3154867170902717,0.1536453383179815,52.0596687,1.1480867,173775.0,7141.0,143979.0,8767.0
160,Isle of Anglesey,2000,0.0,1.0,0.0,53.265325,-4.429140299999999,447052.0,16416.0,449678.0,23118.0
161,Isle of Wight,63000,0.4380180034840545,0.2516147388560836,0.0,50.69384789999999,-1.304734,128311.0,9253.0,122190.0,13753.0
162,Isles of Scilly,1000,0.0,1.0,0.0,49.9232519,-6.2965725,,,536562.0,45320.0
163,Islington,895000,0.3328049273973094,0.04005019322242118,0.6217141396429996,51.538621,-0.1028346,43489.0,3349.0,35828.0,5072.0
164,Kensington and Chelsea,2296000,0.3920589485562356,0.06246672313205943,0.5123446427671033,51.4990805,-0.1938253,25622.0,1652.0,24302.0,3398.0
165,Kettering,48000,0.09487473972505786,0.8011574737374066,0.08902138799846601,52.396322,-0.7302489999999999,131467.0,5682.0,149620.0,7147.0
166,King's Lynn and West Norfolk,23000,0.2712770551391485,0.4350321947018574,0.1716705782128609,52.78739299999999,0.493615,214632.0,9025.0,204116.0,13715.0
167,"Kingston upon Hull, City of",17000,0.04357319884715598,0.3263119485340448,0.5447648882190902,53.7452888,-0.33657,345374.0,13423.0,348454.0,15876.0
168,Kingston upon Thames,410000,0.5272392951348988,0.2666652077793019,0.07456517811586266,51.41233,-0.300689,29988.0,1941.0,16664.0,3493.0
169,Kirklees,19000,0.2377414023600631,0.3190662490552219,0.4012617411394377,53.5933432,-1.8009509,303588.0,12414.0,352549.0,17885.0
170,Knowsley,11000,0.4862733260516213,0.1874233013473105,0.3263033726010683,53.454594,-2.852907,333604.0,12068.0,371679.0,14604.0
171,Lambeth,904000,0.3545629531406693,0.09979421642090104,0.4961963761266562,51.4935082,-0.1178424,31722.0,2722.0,31478.0,4776.0
172,Lancaster,7000,0.0,0.4314225698202545,0.5685774301797455,54.0449072,-2.799346700000001,384127.0,14368.0,400657.0,13602.0
173,Leeds,154000,0.2226798511073572,0.2461357944461956,0.3374247568186577,53.8007554,-1.5490774,315672.0,12279.0,330107.0,12282.0
174,Leicester,242000,0.2510748233227661,0.4025066800604226,0.09406684524093643,52.6368778,-1.1397592,163455.0,6786.0,190707.0,8682.0
175,Lewes,40000,0.454270535252314,0.2164975008380784,0.1672296697536521,50.87387200000001,0.00878,111961.0,4410.0,115056.0,7867.0
176,Lewisham,369000,0.3371623445565651,0.1826114315551788,0.4673654667008125,51.46115090000001,-0.0073177,40681.0,4491.0,43755.0,5189.0
177,Lichfield,14000,0.09577475572403027,0.7429745970584457,0.161250647217524,52.681602,-1.831672,193291.0,7327.0,273944.0,10087.0
178,Lincoln,49000,0.1031048649574546,0.4438067114743438,0.353509276171862,52.9451889,-0.1601246,198016.0,8740.0,209117.0,14815.0
179,Liverpool,64000,0.2573697979074016,0.1867623311781634,0.3988522001897434,53.4083714,-2.9915726,336316.0,12893.0,342673.0,12187.0
180,Luton,184000,0.2721063241411896,0.500959235338181,0.1220762344936331,51.8786707,-0.4200255,54368.0,2323.0,82541.0,5527.0
181,Maidstone,93000,0.2164520903165038,0.6433239606037087,0.1402239490797876,51.2704083,0.5227244999999999,97618.0,3866.0,91533.0,8202.0
182,Maldon,28000,0.03576668389119758,0.6872943130422906,0.2489784816905389,51.73180499999999,0.6714479999999999,121539.0,5206.0,109318.0,7867.0
183,Malvern Hills,19000,0.1597750986196132,0.5570480561451792,0.2027184492280575,52.1893836,-2.3369784,205906.0,7802.0,202788.0,15281.0
184,Manchester,37000,0.209478797931042,0.2951957772517108,0.3233101880557765,53.4807593,-2.2426305,316328.0,12285.0,326545.0,10867.0
185,Mansfield,14000,0.1359404130561285,0.4161361912207348,0.3887765300756003,53.147195,-1.198674,226980.0,9273.0,264981.0,14047.0
186,Medway,117000,0.2078281945218503,0.5733718263990862,0.1970708905206768,51.4047432,0.5417860999999999,110424.0,4362.0,86715.0,8871.0
187,Melton,13000,0.07526006993405827,0.6061420491115341,0.3185978809544076,52.82827839999999,-0.8432685,203887.0,8271.0,,
188,Mendip,62000,0.1820389899359439,0.4507872784930916,0.1339880298107436,51.1941742,-2.5228191,167454.0,7184.0,177948.0,12997.0
189,Merthyr Tydfil,1000,0.0,0.0,0.0,51.74872999999999,-3.381646,247840.0,9417.0,248485.0,13475.0
190,Merton,429000,0.5107371515800032,0.1999880190900981,0.2378436354076933,51.4097742,-0.2108084,42853.0,2177.0,41100.0,5209.0
191,Mid Devon,25000,0.2556236469003793,0.3338368817463799,0.225836650934378,50.9190318,-3.4746216,272556.0,9857.0,294746.0,17619.0
192,Mid Suffolk,37000,0.1552620581265213,0.47022045347452,0.1632606762693327,52.27137700000001,1.0721487,198381.0,8107.0,179976.0,13976.0
193,Mid Sussex,80000,0.3652069016451895,0.2838601668713457,0.117401836453085,51.0331579,-0.1154553,75132.0,3087.0,99759.0,13994.0
194,Middlesbrough,16000,0.0,0.1335178872696776,0.8664821127303225,54.574227,-1.234956,403453.0,15528.0,429147.0,15702.0
195,Milton Keynes,297000,0.3728833786653202,0.480783167222159,0.08990559618989631,52.0406224,-0.7594171,87947.0,3850.0,111076.0,6942.0
196,Mole Valley,119000,0.3234976555024753,0.6255234367258155,0.03119080514102575,51.234566,-0.3264952,41691.0,1971.0,50029.0,5845.0
197,Monmouthshire,35000,0.07049195492803796,0.7078379269899948,0.08710877719431914,51.81160999999999,-2.7163417,201229.0,8187.0,233619.0,13543.0
198,Moray,0,0.0,0.0,1.0,57.64984759999999,-3.3168039,919932.0,34933.0,1000565.0,41697.0
199,Na h-Eileanan Siar,2000,0.0,1.0,0.0,57.75989180000001,-7.0194035,1089960.0,51351.0,1110059.0,108424.0
200,Neath Port Talbot,26000,0.0,0.4059404174458884,0.09115420404048602,51.691743,-3.7346728,280131.0,10553.0,278478.0,15270.0
201,New Forest,126000,0.1924704269938335,0.5192975743466994,0.03651062449321435,50.8758752,-1.6327718,118683.0,4573.0,,
202,Newark and Sherwood,29000,0.0,0.2762144094574647,0.7237855905425354,53.08509429999999,-0.952234,222147.0,9249.0,238855.0,15021.0
203,Newcastle upon Tyne,16000,0.1564972600749001,0.1396555136349076,0.6459438497526798,54.978252,-1.61778,458503.0,17766.0,462978.0,15042.0
204,Newcastle-under-Lyme,13000,0.2257532285432131,0.5728376634823679,0.09465232546506214,53.013208,-2.2273002,249044.0,9302.0,274834.0,10867.0
205,Newham,456000,0.3052061588669899,0.1496436904044937,0.5198425827538247,51.5259127,0.0293731,96646.0,3988.0,43552.0,4586.0
206,Newport,76000,0.0694579899116169,0.4941919601414226,0.03288188007965686,51.584151,-2.997664,198294.0,7476.0,191653.0,7835.0
207,North Ayrshire,3000,0.0,0.7187518087678028,0.2812481912321972,55.6416731,-4.75946,689444.0,25304.0,724345.0,23768.0
208,North Devon,38000,0.274711041996767,0.4838528088580757,0.06802280589704832,51.0729874,-3.8918711,310450.0,11830.0,366098.0,25943.0
209,North East Derbyshire,20000,0.06926014805117965,0.8086778233550381,0.05346388862354808,53.1878221,-1.4403714,242659.0,9586.0,285477.0,15660.0
210,North East Lincolnshire,14000,0.0,0.4641154577231019,0.5358845422768981,53.5668201,-0.08150660000000001,310659.0,12855.0,327433.0,15633.0
211,North Hertfordshire,106000,0.2280734583491944,0.5423539727106641,0.2007694587578392,51.9578206,-0.2149955,73138.0,3333.0,91047.0,8229.0
212,North Kesteven,9000,0.0,0.5094132637151548,0.2661590533475141,53.0880498,-0.4489081999999999,220318.0,9219.0,229139.0,14375.0
213,North Lanarkshire,1000,0.0,1.0,0.0,55.8662432,-3.9613144,635198.0,23212.0,670809.0,22295.0
214,North Lincolnshire,71000,0.2813190671091516,0.3595009319171442,0.03991760582768875,53.60555919999999,-0.5596582,282391.0,11759.0,,
215,North Norfolk,20000,0.2150285118090507,0.2036121196444397,0.5039457038582486,52.9124395,1.0469133,250905.0,10348.0,280462.0,21791.0
216,North Somerset,78000,0.2565399499067802,0.5152373880308782,0.06166905115025918,51.3879028,-2.7781091,183381.0,7598.0,193812.0,11049.0
217,North Tyneside,3000,0.0,0.3164642778265732,0.6835357221734268,55.0182399,-1.4858436,459053.0,17600.0,476281.0,20130.0
218,North Warwickshire,5000,0.0,0.4543415208264873,0.5456584791735127,52.5423152,-1.6076567,172350.0,6972.0,,
219,North West Leicestershire,10000,0.0,1.0,0.0,52.7466112,-1.4735321,203256.0,7496.0,246822.0,14199.0
220,Northampton,115000,0.2055465604568227,0.6633317969794709,0.03172502624169007,52.23706499999999,-0.8944420999999999,109701.0,4650.0,136839.0,7902.0
221,Northumberland,10000,0.3522388219345061,0.1681820012134678,0.113055275428919,55.2082542,-2.0784138,498945.0,19644.0,514094.0,26343.0
222,Norwich,87000,0.09493430231957965,0.4313247528902512,0.2206085230385755,52.6292567,1.2978802,227225.0,9070.0,218510.0,11167.0
223,Nottingham,167000,0.1909425133166269,0.2870468043620813,0.2044956795482143,52.9540223,-1.1549892,204704.0,8236.0,237160.0,10447.0
224,Nuneaton and Bedworth,16000,0.0,0.6073934871728383,0.222860164442437,52.52249,-1.4723491,165416.0,6616.0,188580.0,7643.0
225,Oadby and Wigston,12000,0.3236865779402279,0.5298751877953732,0.0,52.5801686,-1.0966272,163291.0,6727.0,199520.0,11208.0
226,Oldham,3000,0.0,0.2616221526955203,0.0,53.5409298,-2.1113659,332779.0,12504.0,340711.0,14075.0
227,Oxford,785000,0.1712545051529244,0.2364279321577189,0.03454632068278773,51.7520209,-1.2577263,76543.0,3429.0,57971.0,3217.0
228,Pembrokeshire,43000,0.09301720109087454,0.5580427770378882,0.1124333509188617,51.67624559999999,-4.918369999999999,365996.0,14107.0,398064.0,23435.0
229,Pendle,0,0.0,1.0,0.0,53.86945619999999,-2.1639879,376741.0,14068.0,392808.0,19584.0
230,Perth and Kinross,2000,0.0,0.4665166329028219,0.0,56.39538169999999,-3.4283547,724236.0,26187.0,779303.0,25412.0
231,Peterborough,107000,0.2774467360511157,0.5249232187155154,0.1976300452333688,52.57031689999999,-0.2407996999999999,152860.0,6494.0,154070.0,7182.0
232,Plymouth,95000,0.1363348108476488,0.2449208259737259,0.2167742177147308,50.3754565,-4.1426565,318697.0,12876.0,387840.0,17467.0
233,Portsmouth,207000,0.3225866478714746,0.451888313689924,0.05405675473880774,50.8197675,-1.0879769,102606.0,4257.0,99002.0,8449.0
234,Powys,26000,0.05301431806220441,0.5991138655971401,0.07855778194806072,52.6464249,-3.3260904,301010.0,11759.0,329645.0,17823.0
235,Preston,9000,0.7752781190036242,0.1018338961647731,0.0,53.763201,-2.70309,350114.0,13278.0,367496.0,11107.0
236,Reading,681000,0.3538190971690109,0.3126275294167317,0.01578203512135702,51.45512009999999,-0.9787475,43007.0,1991.0,83597.0,3547.0
237,Redbridge,224000,0.2637764436726636,0.4154105452685506,0.3079669902935593,51.5748179,0.0507539,87149.0,3450.0,47906.0,4979.0
238,Redcar and Cleveland,5000,0.0,0.3733957270293601,0.3286336112111857,54.59713439999999,-1.0775997,412652.0,15835.0,446032.0,17869.0
239,Redditch,12000,0.2674174172358326,0.5157484424790797,0.0,52.30897,-1.940936,165636.0,6116.0,238302.0,11587.0
240,Reigate and Banstead,108000,0.4164438576632473,0.4383011501496685,0.04134241218925013,51.3058308,-0.2193665,48455.0,2125.0,37162.0,8828.0
241,Rhondda Cynon Taf,35000,0.1732898823947471,0.4608515643979695,0.0,51.64902069999999,-3.4288692,239743.0,9490.0,241232.0,15306.0
242,Ribble Valley,4000,0.0,0.643900212459194,0.356099787540806,53.9289626,-2.4627718,382762.0,15019.0,,
243,Richmond upon Thames,889000,0.5669485072233192,0.2616081254955721,0.1169986724863231,51.46132619999999,-0.3035268,22146.0,1537.0,20346.0,3173.0
244,Richmondshire,7000,0.2572630096595588,0.593775273140314,0.1489617172001272,54.3299809,-2.0118584,404788.0,17426.0,,
245,Rochdale,5000,0.0,0.7367613400442332,0.0,53.6097136,-2.1561,343039.0,12675.0,389070.0,15402.0
246,Rochford,46000,0.3214703810895648,0.5978655230661715,0.0806640958442638,51.582071,0.706515,122594.0,5362.0,95926.0,6487.0
247,Rother,18000,0.3520501140485816,0.4479066705752309,0.05535605594647234,50.969873,0.4159547,120276.0,5188.0,133206.0,12224.0
248,Rotherham,34000,0.01168749216168933,0.5217808813539624,0.1750380211663095,53.4326035,-1.3635009,263089.0,10125.0,302658.0,12642.0
249,Rugby,36000,0.1695335224127698,0.6125118738258619,0.1602017973905503,52.370878,-1.265032,137106.0,5794.0,164104.0,7327.0
250,Runnymede,219000,0.5469108529726443,0.4040375241833532,0.0,51.40871929999999,-0.5405584999999999,18355.0,801.0,21519.0,4368.0
251,Rushcliffe,43000,0.1441998703574877,0.5230266377744726,0.2034707826549958,52.8912108,-1.0209505,196343.0,7714.0,266650.0,26741.0
252,Rushmoor,123000,0.2971761180118275,0.6361518971622795,0.0,51.2711826,-0.7618473,35867.0,1609.0,33417.0,5341.0
253,Rutland,20000,0.08193083566012381,0.3124121439860011,0.4506700979258206,52.6583014,-0.639643,180741.0,7904.0,197240.0,18760.0
254,Ryedale,2000,0.0,0.0,1.0,54.1698076,-0.7282461,379217.0,15040.0,,
255,Salford,77000,0.2172088341531629,0.1732963613829344,0.5219157905967343,53.48752349999999,-2.2901264,326843.0,11969.0,330583.0,12667.0
256,Sandwell,50000,0.2127424137941463,0.3616180972863081,0.09699653068614494,52.5361674,-2.010793,193312.0,7008.0,224304.0,10838.0
257,Scarborough,20000,0.1386624702574123,0.2988042411416342,0.3318917685005904,54.283113,-0.399752,384835.0,16205.0,401741.0,15042.0
258,Scottish Borders,8000,0.1632073444341053,0.1805833503488725,0.2188902311423742,55.54856969999999,-2.7861388,577544.0,22026.0,,
259,Sedgemoor,48000,0.06114688049749303,0.4032979364922211,0.157041691737229,51.2238481,-2.9736071,213616.0,7788.0,235964.0,12239.0
260,Sefton,13000,0.8166834072875754,0.0522584666599619,0.1310581260524627,53.5034449,-2.970359,340809.0,12345.0,362568.0,16332.0
261,Selby,1000,0.0,0.4671096753049209,0.532890324695079,53.78352400000001,-1.067189,317548.0,12279.0,314093.0,11407.0
262,Sevenoaks,85000,0.2524714326360536,0.5191632004749066,0.14994501513525,51.27241000000001,0.190898,72424.0,3104.0,64740.0,6282.0
263,Sheffield,96000,0.1024235414058388,0.3534917832201487,0.3443326617938502,53.38112899999999,-1.470085,269969.0,10734.0,311622.0,12522.0
264,Shropshire,79000,0.1164723011128422,0.5728428014159727,0.1224380043045883,52.7063657,-2.7417849,256186.0,9395.0,340781.0,12597.0
265,Slough,356000,0.4262843698908744,0.5012355774468766,0.008464995049820175,51.51053839999999,-0.5950405999999999,15112.0,944.0,9476.0,1644.0
266,Solihull,55000,0.08937251674448689,0.4734816438171371,0.1982108759337891,52.411811,-1.77761,159772.0,5847.0,173582.0,10415.0
267,Somerset West and Taunton,10000,0.0,0.7630842303816857,0.0,51.0192705,-3.1059235,241380.0,8896.0,255510.0,9161.0
268,South Ayrshire,1000,0.5779030326220596,0.4220969673779405,0.0,55.4588988,-4.6291994,653670.0,24704.0,743622.0,24418.0
269,South Bucks,222000,0.5047456161400178,0.432305987791467,0.004292262985648801,51.6023284,-0.6319694,21042.0,924.0,25002.0,4580.0
270,South Cambridgeshire,110000,0.3151529166433178,0.3181806293407627,0.2755527129585488,52.1487594,0.0480241,103030.0,4583.0,120807.0,11698.0
271,South Derbyshire,26000,0.2427922705668381,0.3892438455904534,0.05902684880720723,52.8429447,-1.5237491,207022.0,8091.0,240397.0,16312.0
272,South Gloucestershire,115000,0.03073093148007702,0.6207103199854815,0.003826075452371722,51.5264361,-2.4728487,156233.0,6112.0,170879.0,9518.0
273,South Hams,34000,0.07979242018631548,0.3401242881225733,0.4904889753690868,50.4102244,-3.8009332,294112.0,11844.0,362010.0,14658.0
274,South Holland,27000,0.09985358081935757,0.7778707272005331,0.1222756919801094,52.7455834,-0.0490706,175175.0,7595.0,202108.0,249175.0
275,South Kesteven,43000,0.05558332802800207,0.5485221090073747,0.3548636372748937,52.8300224,-0.5440818,186902.0,7556.0,219039.0,12241.0
276,South Lakeland,13000,0.2089879209567085,0.2325984166849017,0.4445027478199465,54.33135499999999,-2.74009,417333.0,15301.0,435460.0,14153.0
277,South Lanarkshire,9000,0.7255512896511307,0.2744487103488692,0.0,55.6735909,-3.7819661,608007.0,22229.0,677511.0,22060.0
278,South Norfolk,21000,0.0,0.6061523998059357,0.2748171900723497,52.4828179,1.2294887,221358.0,8873.0,237179.0,15267.0
279,South Northamptonshire,71000,0.2199604411618896,0.4969751015911525,0.1573226833729236,52.1443849,-1.0182433,116040.0,4499.0,155974.0,13213.0
280,South Oxfordshire,256000,0.3182024285717102,0.482467114714959,0.03894519030870003,51.6361801,-1.0961011,59009.0,2623.0,84475.0,9776.0
281,South Ribble,5000,0.3602155797021694,0.0,0.3303777845578765,53.7271964,-2.6907306,345306.0,12786.0,372892.0,14333.0
282,South Somerset,78000,0.1724586555802343,0.6916854367402481,0.0432392059631046,51.02290660000001,-2.7019371,175870.0,6884.0,192692.0,14484.0
283,South Staffordshire,6000,0.0,1.0,0.0,52.6615371,-2.1727483,217206.0,8054.0,284683.0,13889.0
284,South Tyneside,6000,0.0,0.2384468297234167,0.2935421554517744,54.9636693,-1.4418634,454522.0,17431.0,475799.0,19376.0
285,Southampton,491000,0.2198013022751381,0.1861012300974934,0.02761479047357624,50.9105468,-1.4049018,98972.0,3899.0,115508.0,6689.0
286,Southend-on-Sea,58000,0.146918458201641,0.6373905211138697,0.1712355161822987,51.5459269,0.7077123,121966.0,5344.0,91257.0,7207.0
287,Southwark,950000,0.3541046106657496,0.06535513341284716,0.5556551427259051,51.502781,-0.087738,34463.0,3373.0,34627.0,3458.0
288,Spelthorne,312000,0.4774440306708027,0.4230575673405017,0.02298832167297015,51.4195668,-0.4580861,12088.0,833.0,13304.0,2915.0
289,St Albans,165000,0.5123586631795125,0.3746846133445742,0.059910999418158,51.752725,-0.339436,41438.0,2103.0,65865.0,4987.0
290,St. Helens,4000,0.0,0.7086574110553294,0.0,53.456307,-2.737095,320488.0,11962.0,357668.0,13345.0
291,Stafford,25000,0.1509528670999137,0.6246388483088086,0.1854855944402457,52.806693,-2.12066,223010.0,8509.0,246140.0,8527.0
292,Staffordshire Moorlands,5000,0.1759347566294449,0.5664142098328534,0.2576510335377017,53.0725787,-1.9728995,256572.0,10529.0,,
293,Stevenage,69000,0.3028085978502731,0.4162985040677943,0.2117692988589015,51.903761,-0.196612,65198.0,2908.0,78564.0,4747.0
294,Stirling,1000,0.0,0.0,0.0,56.1165227,-3.9369029,666509.0,24127.0,721697.0,23202.0
295,Stockport,6000,0.0,0.1318117671360289,0.5202819536391626,53.41063159999999,-2.1575332,315794.0,11620.0,325645.0,10867.0
296,Stockton-on-Tees,5000,0.1244715649785881,0.875528435021412,0.0,54.5704551,-1.3289821,406343.0,15804.0,405955.0,14562.0
297,Stoke-on-Trent,111000,0.428396012173453,0.2278083289931617,0.03919696488148586,53.0033369,-2.1827408,248849.0,9048.0,266043.0,8587.0
298,Stratford-on-Avon,47000,0.1353374945922688,0.657914547780051,0.0307682177689229,52.19173,-1.708298,145699.0,5611.0,185145.0,11375.0
299,Stroud,83000,0.1302470536836017,0.6214359935584203,0.1277825273147059,51.745734,-2.217758,150720.0,6180.0,189889.0,7567.0
300,Sunderland,17000,0.0,0.102938721094613,0.3135215373608242,54.906869,-1.383801,445389.0,17392.0,482535.0,16002.0
301,Surrey Heath,196000,0.3109198567189478,0.6688455968115223,0.01569441934692573,51.3346227,-0.6689303000000001,26144.0,1326.0,23673.0,5206.0
302,Sutton,174000,0.4394767538266822,0.3391455791141046,0.05496464576099476,51.3614279,-0.193961,45486.0,2759.0,31190.0,5696.0
303,Swale,48000,0.2094510266024232,0.6962383402848642,0.0584223715759398,51.323167,0.8224796,120063.0,5245.0,106134.0,9959.0
304,Swansea,151000,0.06229724936842083,0.3780136758101366,0.2576577275115109,51.62144,-3.943645999999999,276823.0,10582.0,283932.0,12275.0
305,Swindon,241000,0.2220999864265978,0.5928227584996743,0.07907152117822415,51.5581438,-1.7798258,106498.0,4329.0,149887.0,5227.0
306,Tameside,16000,0.1488216742201249,0.3190080031942699,0.1799198309801805,53.4805828,-2.0809891,327709.0,12240.0,339984.0,14175.0
307,Tamworth,8000,0.2679499733736667,0.5204211307229234,0.05031582674997705,52.633584,-1.691032,185262.0,7093.0,283990.0,10507.0
308,Tandridge,72000,0.3804883513322133,0.5717026157267188,0.04780903294106798,51.2271772,-0.0472327,56171.0,2277.0,71411.0,7997.0
309,Teignbridge,53000,0.04930012325941896,0.5935907162853112,0.1210975462465699,50.5247502,-3.5932822,277029.0,11094.0,347418.0,20337.0
310,Telford and Wrekin,20000,0.3050728978267342,0.549620002081756,0.1453071000915098,52.7409916,-2.4868586,242809.0,9207.0,,
311,Tendring,41000,0.3083164111427826,0.3612189797228575,0.1596489167547948,51.8748081,1.1145037,168831.0,6771.0,144139.0,9210.0
312,Test Valley,106000,0.2418438930486552,0.5800163423149762,0.02924435006529855,51.1273626,-1.5518375,91078.0,3725.0,114990.0,11155.0
313,Tewkesbury,42000,0.2637686949198047,0.2933916417993361,0.1248543628596903,51.992265,-2.15796,170139.0,6495.0,228889.0,11364.0
314,Thanet,37000,0.1169905759652221,0.3768614868718189,0.4461191013392038,51.3602516,1.3484663,160539.0,6445.0,149913.0,13438.0
315,Three Rivers,117000,0.4036065213458521,0.4851181412225639,0.03886629716577722,51.6509104,-0.4618996,27558.0,1396.0,33046.0,9657.0
316,Thurrock,67000,0.3060721015245852,0.3457771434456397,0.2262090334054315,51.4934557,0.3529197,99447.0,4223.0,74703.0,8975.0
317,Tonbridge and Malling,92000,0.1649980757849178,0.518465903591055,0.303600372789318,51.2836053,0.350279,84013.0,3279.0,80341.0,10132.0
318,Torbay,46000,0.08750824878868255,0.3891289142069821,0.1710059550172235,50.4619209,-3.525315,283194.0,11827.0,346228.0,16867.0
319,Torfaen,19000,0.09429845018718744,0.6260700250049408,0.0,51.7002253,-3.0446015,208385.0,7828.0,207072.0,12118.0
320,Torridge,19000,0.2020617985403395,0.5718505893411526,0.05676365273803054,50.89284780000001,-4.2654808,338742.0,13528.0,402303.0,23473.0
321,Tower Hamlets,1032000,0.3166794514166161,0.04988040370397105,0.6258315467821999,51.5251066,-0.0347399,96510.0,4024.0,37372.0,3633.0
322,Trafford,19000,0.4067845479907284,0.3015525223837895,0.2303910750040452,53.4215129,-2.3517259,303167.0,11498.0,339870.0,14442.0
323,Tunbridge Wells,82000,0.2869016696325605,0.6547722241199924,0.05832610624744714,51.132377,0.263695,93177.0,3697.0,87198.0,7387.0
324,Unspecified,32000,0.3833715485554055,0.02218583196411017,0.5690102269648826,55.378051,-3.435973,559937.0,20503.0,,
325,Uttlesford,106000,0.3673777861439173,0.2373878317800842,0.2053345505857963,51.9789421,0.2391245,111658.0,4686.0,100131.0,10424.0
326,Vale of Glamorgan,59000,0.0466670818447425,0.2932180651823136,0.04091840323450419,51.4095958,-3.4848167,250363.0,9642.0,258192.0,12551.0
327,Vale of White Horse,156000,0.2217321947666857,0.4277711481601527,0.04730244138045588,51.6319428,-1.4829103,97948.0,4386.0,116434.0,12218.0
328,Wakefield,11000,0.0,0.2542663396685712,0.6595631616806358,53.683298,-1.505924,297758.0,11725.0,313778.0,11502.0
329,Walsall,18000,0.0,0.7254481424106668,0.1640691999073485,52.586214,-1.982919,201925.0,7488.0,230506.0,10087.0
330,Waltham Forest,265000,0.3237921013687536,0.1876737647308653,0.4750747854641499,51.5901724,-0.0173754,54114.0,3456.0,47249.0,5642.0
331,Wandsworth,871000,0.450701238161199,0.1314110524106168,0.4030801228190891,51.45837299999999,-0.1891356,28477.0,2311.0,27178.0,4669.0
332,Warrington,16000,0.07151231826767533,0.1586215004644711,0.401680504489151,53.39203999999999,-2.6023453,307654.0,11400.0,324098.0,9667.0
333,Warwick,96000,0.1371436717451151,0.5822275086826714,0.1935541218881348,52.28231599999999,-1.584927,133108.0,4816.0,172825.0,8527.0
334,Watford,255000,0.4989493100148907,0.4240649665379599,0.02787536356725458,51.66112829999999,-0.3970199,33151.0,1613.0,59454.0,4867.0
335,Waverley,118000,0.2681432353686118,0.6427254983386657,0.01384374890371793,51.1565897,-0.6764416999999999,51391.0,2231.0,44023.0,8470.0
336,Wealden,63000,0.2788552482005507,0.5463282600641756,0.1428111611226166,50.9703846,0.2306394,115623.0,5117.0,110644.0,11936.0
337,Wellingborough,22000,0.2642892689311289,0.6940379766811545,0.0,52.302419,-0.6939639999999999,125015.0,5349.0,138724.0,7747.0
338,Welwyn Hatfield,100000,0.4493280289544823,0.3949348036991902,0.1070032751914425,51.7465017,-0.2133693,51092.0,2350.0,57814.0,7376.0
339,West Berkshire,282000,0.2414987620905346,0.5820578957552247,0.03028917026422709,51.4308255,-1.1444927,56053.0,2350.0,56691.0,6723.0
340,West Devon,20000,0.1582907587078009,0.4957915041033927,0.07586507643359097,50.651337,-4.0309135,307756.0,12988.0,,
341,West Lancashire,2000,0.0,0.0,1.0,53.5728525,-2.8558128,335947.0,12582.0,369765.0,16121.0
342,West Lindsey,9000,0.1234363361387272,0.5250097537700821,0.2760242795514684,53.3465722,-0.4531518,258818.0,10620.0,,
343,West Lothian,2000,0.4805229129954199,0.0,0.5194770870045802,55.9070198,-3.5517167,661717.0,23904.0,687951.0,23591.0
344,West Oxfordshire,89000,0.1129375894781221,0.4671322593114537,0.03340656805204321,51.8005816,-1.4919143,88760.0,4092.0,150254.0,9739.0
345,West Suffolk,149000,0.1935848483156143,0.5787245700453567,0.09649177266161166,52.1872472,0.9707800999999999,191872.0,7385.0,165841.0,11662.0
346,Westminster,5592000,0.3970340306283903,0.05916599704172763,0.5181320035121416,51.4974948,-0.1356583,29741.0,2368.0,28308.0,3533.0
347,Wigan,43000,0.1905405062860089,0.2278728886053786,0.01036550004923361,53.5450645,-2.6325074,323096.0,12112.0,343179.0,10327.0
348,Wiltshire,406000,0.1459664092639355,0.6473867260747895,0.04211372672829658,51.3491996,-1.9927105,123162.0,5454.0,134605.0,11273.0
349,Winchester,154000,0.2562632325331052,0.5650637974677984,0.01810271192771497,51.059771,-1.310142,82993.0,3293.0,82971.0,6232.0
350,Windsor and Maidenhead,664000,0.5947878184264946,0.3659135822310422,0.01380069091525823,51.47997119999999,-0.6242565,15583.0,763.0,14955.0,3673.0
351,Wirral,16000,0.09583405524985596,0.3465587365662534,0.5576072081838908,53.3727181,-3.073754,345840.0,12537.0,348905.0,15131.0
352,Woking,278000,0.347475641734346,0.4834824580400586,0.008638212331842468,51.316774,-0.5600349,21875.0,1297.0,18795.0,2246.0
353,Wokingham,256000,0.4563443162685308,0.4649023324897509,0.009441325009885676,51.410457,-0.833861,41031.0,1852.0,36138.0,3575.0
354,Wolverhampton,51000,0.1036037789676997,0.6245377994758392,0.2221882984276259,52.5868159,-2.1256587,208078.0,8010.0,270747.0,9247.0
355,Worcester,43000,0.0,0.8409488809491882,0.1341375997476594,52.1941389,-2.2190523,191425.0,7102.0,219307.0,10207.0
356,Worthing,32000,0.553898638802797,0.4161092797703304,0.0,50.81787,-0.372882,114928.0,4672.0,124150.0,8682.0
357,Wrexham,16000,0.3578834032007267,0.2783957711240116,0.1718010934153886,53.04304,-2.992494,294406.0,11778.0,338875.0,14227.0
358,Wychavon,33000,0.3523804001870338,0.5473936578759616,0.0,52.1525178,-2.0330954,176011.0,6943.0,210714.0,12417.0
359,Wycombe,325000,0.4238914719930911,0.512928855366083,0.04352599472852186,51.638511,-0.8078596,36463.0,1950.0,32335.0,5204.0
360,Wyre,3000,0.4920935611674018,0.0,0.5079064388325981,53.89960989999999,-2.8093014,370794.0,13998.0,429542.0,17985.0
361,Wyre Forest,17000,0.1381306740408627,0.8091986619625305,0.0,52.4038046,-2.2537632,187111.0,7472.0,197788.0,15328.0
362,York,52000,0.1229273550439154,0.1503108322376374,0.6358214466262941,53.9614205,-1.0739108,339835.0,13575.0,334220.0,11802.0
