Local Auth,Total Annual Demand,Mode Share Taxi,Mode Share Car,Mode Share Rail,lat,lng,Car Distance [m],Car Time Taken [s],Transit Distance [m],Transit Time Taken [s],(Reading) Transit Distance [m],(Reading) Transit Time Taken [s],(Woking) Transit Distance [m],(Woking) Transit Time Taken [s],(Uxbridge) Transit Distance [m],(Uxbridge) Transit Time Taken [s],(Staines) Transit Distance [m],(Staines) Transit Time Taken [s]
Aberdeen City,7000.0,0.2841717128537765,0.4437648387351166,0.2720634484111069,57.1498891,-2.0937528,870672.0,31956.0,872683.0,31242.0,903281.0,30900.0,883835.0,30180.0,869319.0,31020.0,877001.0,30660.0
Aberdeenshire,1000.0,0.0,1.0,0.0,57.28687230000001,-2.3815684,892455.0,32762.0,958654.0,50919.0,996022.0,53947.0,977411.0,53233.0,964311.0,52150.0,950525.0,52345.0
Adur,13000.0,0.0,0.8871342763308985,0.0,50.8348175,-0.3101263,109867.0,4306.0,117775.0,10020.0,135170.0,9811.0,123325.0,7231.0,126594.0,11191.0,114512.0,7651.0
Allerdale,3000.0,0.0,0.2188427492507967,0.0,54.6990638,-3.1994197,512207.0,18895.0,555547.0,27984.0,586085.0,27582.0,567547.0,26922.0,522310.0,28215.0,559345.0,27402.0
Amber Valley,13000.0,0.0,0.8579522061253322,0.0628115658728419,53.0151867,-1.4823067,217494.0,8816.0,298674.0,15564.0,237854.0,12217.0,303002.0,14562.0,289186.0,16119.0,294859.0,15582.0
Angus,3000.0,0.0,1.0,0.0,56.6979538,-2.9124057,797421.0,29108.0,842411.0,33821.0,872993.0,32999.0,855454.0,33419.0,848494.0,34739.0,846729.0,33359.0
Argyll and Bute,3000.0,0.0,0.6521215915288451,0.3478784084711549,56.4006214,-5.480748,809117.0,31217.0,795990.0,44544.0,836796.0,48519.0,818485.0,47565.0,804044.0,46422.0,806022.0,46677.0
Arun,60000.0,0.2436028951107032,0.6029771035294661,0.0726525967783669,50.82341,-0.5756878999999999,90788.0,5039.0,124034.0,9979.0,129195.0,10037.0,97162.0,6857.0,130745.0,11717.0,118663.0,8117.0
Ashfield,12000.0,0.0,0.4729761453381879,0.0,53.09289279999999,-1.2697006,220630.0,8600.0,274577.0,17157.0,286901.0,14775.0,286631.0,15855.0,381114.0,17319.0,372411.0,15435.0
Ashford,47000.0,0.3743647058969548,0.3039866976087672,0.3005053485092252,51.14510070000001,0.8739631,127161.0,5058.0,120766.0,6487.0,152184.0,5460.0,134956.0,5700.0,,,126436.0,6120.0
Aylesbury Vale,200000.0,0.313800989982825,0.6371585598496758,0.0343501873771151,51.81767259999999,-0.8194542,63173.0,2804.0,90699.0,7131.0,81741.0,5954.0,108919.0,9917.0,88690.0,6194.0,120951.0,9794.0
Babergh,36000.0,0.1257019256734478,0.5971846767559514,0.2209526592236422,52.0603616,0.9175877,166505.0,7516.0,190001.0,15030.0,221423.0,13823.0,199374.0,13583.0,,,190360.0,14243.0
Barking and Dagenham,114000.0,0.3102687585030888,0.3914503267101463,0.2548021602366546,51.5540666,0.134017,98778.0,4273.0,49887.0,7782.0,82518.0,6611.0,62523.0,5825.0,,,54000.0,6269.0
Barnet,608000.0,0.5393378917579464,0.2380810454859285,0.2162072082204324,51.6569225,-0.1949252,51989.0,2227.0,48217.0,6222.0,84157.0,5280.0,62460.0,5820.0,52719.0,6597.0,53306.0,5040.0
Barnsley,11000.0,0.0,0.4061393015780214,0.5938606984219786,53.55263,-1.479726,282690.0,11042.0,326717.0,14142.0,357386.0,13080.0,339745.0,13140.0,324957.0,14428.0,337080.0,14460.0
Barrow-in-Furness,6000.0,0.0,1.0,0.0,54.108967,-3.218894,471486.0,17893.0,456819.0,20022.0,407598.0,19140.0,468739.0,18420.0,455416.0,20773.0,460607.0,19440.0
Basildon,81000.0,0.4033278224704926,0.4554592730579,0.0964071333757313,51.57608399999999,0.488736,105815.0,4358.0,70007.0,6822.0,102652.0,6060.0,83519.0,5580.0,70867.0,7513.0,74999.0,6000.0
Basingstoke and Deane,326000.0,0.2606750654385337,0.5640731583610944,0.0482751384017912,51.299173,-1.1782681,61409.0,2395.0,69012.0,7615.0,33924.0,3320.0,46549.0,3860.0,,,103765.0,6080.0
Bassetlaw,6000.0,0.3113218497229885,0.3618539576571155,0.0,53.3186178,-0.9398503,245736.0,9753.0,254173.0,10489.0,285677.0,9462.0,323068.0,12162.0,309989.0,13539.0,317549.0,16359.0
Bath and North East Somerset,245000.0,0.0969118593828316,0.3422880381565227,0.1119816187259077,51.3250102,-2.4766241,169583.0,7357.0,177762.0,12832.0,142674.0,8777.0,194179.0,13337.0,189048.0,13817.0,181884.0,13457.0
Bedford,108000.0,0.3942586498639166,0.4647686249661578,0.0967104597902044,52.1386603,-0.4667687,92027.0,4182.0,98454.0,7529.0,163458.0,8640.0,144857.0,8700.0,101646.0,7755.0,121650.0,9060.0
Bexley,142000.0,0.3737552828861813,0.3994994160046907,0.2267453011091279,51.439933,0.154327,92273.0,3711.0,51455.0,6462.0,85064.0,5280.0,60399.0,4140.0,51214.0,7140.0,51883.0,5160.0
Birmingham,271000.0,0.1153623539397392,0.5046582697697051,0.129326244744819,52.4822694,-1.8900078,172384.0,7145.0,174458.0,9803.0,158419.0,5880.0,224363.0,7620.0,211465.0,9237.0,216234.0,8640.0
Blaby,37000.0,0.1835346215896139,0.7716829136730816,0.0,52.5707761,-1.1656497,154505.0,6318.0,247322.0,14082.0,169769.0,13791.0,213043.0,14575.0,190677.0,14869.0,204388.0,15663.0
Blackburn with Darwen,3000.0,0.3951064332094987,0.0,0.6048935667905012,53.6957522,-2.4682985,346178.0,13531.0,393189.0,16662.0,423571.0,15480.0,405124.0,14760.0,391796.0,16753.0,396987.0,15480.0
Blackpool,5000.0,0.4191962748734004,0.0,0.5808037251265995,53.81674229999999,-3.0370485,392003.0,14397.0,395331.0,14862.0,425713.0,13680.0,407266.0,12960.0,393938.0,14953.0,399129.0,13680.0
Blaenau Gwent,9000.0,0.2992434800698769,0.700756519930123,0.0,51.7875779,-3.2043931,230719.0,9185.0,226234.0,12955.0,191146.0,9380.0,253914.0,12620.0,,,230356.0,13580.0
Bolsover,9000.0,0.0,0.7051797290634358,0.0423436345802047,53.231044,-1.2897209,236839.0,9190.0,360794.0,15307.0,352938.0,16080.0,373646.0,14340.0,373696.0,16824.0,364993.0,14940.0
Bolton,12000.0,0.0,0.6573665336822673,0.2225259435643619,53.57686469999999,-2.4282192,332488.0,12573.0,358447.0,13362.0,388898.0,12180.0,370413.0,11400.0,356465.0,13228.0,362245.0,12180.0
Boston,9000.0,0.2095739523085954,0.677653069014315,0.0,52.97893999999999,-0.026577,201658.0,8978.0,255144.0,13087.0,286631.0,12060.0,267101.0,12300.0,252593.0,13440.0,258298.0,12720.0
"Bournemouth, Christchurch and Poole",354000.0,0.1615520125991118,0.3767480946713223,0.0091580367130908,50.7380046,-1.9883161,146885.0,5855.0,157762.0,10542.0,133888.0,8402.0,146511.0,7518.0,169128.0,12791.0,203729.0,11133.0
Bracknell Forest,215000.0,0.3818802097647729,0.5287585043986737,0.0311865157246519,51.4153828,-0.7536495,31107.0,1591.0,29697.0,3586.0,18262.0,1691.0,48112.0,4451.0,,,21925.0,2111.0
Bradford,20000.0,0.1630007300083105,0.1818328282473292,0.5312909024127,53.7937996,-1.7563583,323842.0,13043.0,345553.0,14562.0,376325.0,13500.0,357607.0,13860.0,343896.0,15117.0,349813.0,14580.0
Braintree,55000.0,0.2613266860735737,0.4939273144211591,0.1358674959265259,51.880087,0.5509269,128159.0,5012.0,139246.0,8789.0,137808.0,7920.0,118791.0,6900.0,106260.0,8517.0,110261.0,7920.0
Breckland,33000.0,0.0,0.5684616497916427,0.3005404289818695,52.5716157,0.8354678,202066.0,7955.0,257007.0,16644.0,289704.0,15582.0,270964.0,15102.0,257269.0,16899.0,262112.0,15522.0
Brent,732000.0,0.4546092089711412,0.2194690906923147,0.3018754053353362,51.5672808,-0.2710568,35433.0,2112.0,42446.0,5744.0,71131.0,4202.0,56472.0,4202.0,18261.0,3620.0,47589.0,5042.0
Brentwood,30000.0,0.3931157093265657,0.3277190008094058,0.2421059035883047,51.620475,0.3071749,89206.0,3758.0,65252.0,6162.0,97936.0,4860.0,78862.0,4560.0,66420.0,6297.0,70328.0,5580.0
Bridgend,29000.0,0.0411782745998831,0.2159006112466578,0.1059809933829791,51.504286,-3.576945,242409.0,9163.0,242863.0,9995.0,207775.0,6240.0,270543.0,9600.0,,,246985.0,10500.0
Brighton and Hove,273000.0,0.1918307340687704,0.2986182413656953,0.2074521791360458,50.8226288,-0.137047,101932.0,4358.0,111503.0,7703.0,149238.0,8925.0,114549.0,6859.0,125470.0,10329.0,102937.0,7125.0
"Bristol, City of",469000.0,0.1228574649236851,0.2339801153658485,0.1179908809059529,51.4548943,-2.5926854,166525.0,6316.0,168650.0,9306.0,133562.0,5251.0,185067.0,9811.0,,,172772.0,9931.0
Broadland,26000.0,0.3545644662128259,0.460474196680825,0.1437309806210687,52.73911769999999,1.2409416,239940.0,9704.0,234844.0,15932.0,266262.0,14905.0,243619.0,15145.0,233896.0,16342.0,238805.0,15565.0
Bromley,329000.0,0.3611327540006355,0.2578359527507358,0.3311373968002468,51.4063204,0.0186804,88526.0,4095.0,44805.0,4902.0,79820.0,5820.0,55625.0,4241.0,43046.0,7020.0,43594.0,4680.0
Bromsgrove,22000.0,0.1531288153694373,0.6056221007441124,0.113864183351049,52.335589,-2.061906,168941.0,6103.0,234364.0,11587.0,174023.0,8520.0,247728.0,10800.0,198631.0,11400.0,238685.0,11220.0
Broxbourne,30000.0,0.2594890035339217,0.6938616505156447,0.0,51.74347299999999,-0.021151,67857.0,3054.0,58102.0,6102.0,93105.0,5040.0,77912.0,5580.0,61643.0,6597.0,62125.0,5040.0
Broxtowe,32000.0,0.0763370091906547,0.5662537887462705,0.1383472053821996,52.9854591,-1.264754,209390.0,8257.0,249789.0,17214.0,280554.0,16632.0,261319.0,15672.0,234120.0,17605.0,254143.0,15432.0
Burnley,4000.0,0.7256104529047905,0.2743895470952095,0.0,53.7892877,-2.2405035,366033.0,13788.0,404594.0,16122.0,434976.0,14940.0,416529.0,14220.0,403201.0,16213.0,408392.0,14940.0
Bury,7000.0,0.5271384133510778,0.2953482714611013,0.0,53.5933498,-2.2966054,335828.0,12850.0,343646.0,15162.0,307969.0,14700.0,355592.0,13500.0,341741.0,14848.0,347444.0,13980.0
Caerphilly,26000.0,0.0794000351630179,0.2528829967072116,0.319602415106348,51.578829,-3.218134,225750.0,8556.0,223124.0,10415.0,188036.0,6720.0,250804.0,10080.0,,,227246.0,11040.0
Calderdale,9000.0,0.1097264978924105,0.0,0.4313397642505178,53.7247845,-1.8658357,326951.0,13302.0,359782.0,17041.0,390576.0,17359.0,371854.0,16939.0,358143.0,17956.0,363809.0,16999.0
Cambridge,419000.0,0.2705191082253336,0.1984649896847813,0.2730018238835777,52.1950788,0.1312729,109008.0,5192.0,124862.0,7602.0,155477.0,6120.0,136875.0,6540.0,123931.0,7617.0,128807.0,7020.0
Camden,1876000.0,0.324727926530567,0.0483114270273823,0.6122252517255552,51.5390261,-0.1425516,42003.0,2972.0,32504.0,4258.0,63181.0,3758.0,44438.0,2860.0,32405.0,4395.0,35861.0,3638.0
Cannock Chase,6000.0,0.8077017138848174,0.1922982861151827,0.0,52.7183027,-1.9858812,204455.0,7665.0,237719.0,14009.0,205226.0,12612.0,250602.0,13042.0,218303.0,15136.0,254805.0,14776.0
Canterbury,135000.0,0.2019963736741271,0.3617158808451788,0.3236465619282125,51.280233,1.0789089,143720.0,6140.0,144514.0,9222.0,175090.0,8160.0,151362.0,8220.0,143246.0,9613.0,142830.0,9240.0
Cardiff,268000.0,0.070949901869357,0.2830271748247772,0.1220972648274703,51.483707,-3.1680962,216250.0,8439.0,210557.0,9335.0,175469.0,5820.0,226974.0,9840.0,,,214679.0,9960.0
Carlisle,7000.0,0.0,0.0775261982310198,0.9224738017689802,54.892473,-2.932931,503711.0,18206.0,511804.0,16902.0,542186.0,15720.0,523739.0,15000.0,510411.0,16993.0,515602.0,15720.0
Carmarthenshire,50000.0,0.021586519167281,0.6048528966140733,0.0973827480201418,51.8572309,-4.311595899999999,317880.0,11909.0,335621.0,16258.0,300533.0,12563.0,363301.0,15923.0,,,339743.0,16883.0
Castle Point,25000.0,0.4051354379466261,0.4035980366702716,0.1912665253831024,51.5345547,0.5905060000000001,117376.0,5036.0,84424.0,8472.0,115946.0,7745.0,97160.0,7685.0,84481.0,8942.0,88308.0,8105.0
Central Bedfordshire,164000.0,0.2447694054242673,0.6526138732081933,0.0429464414529769,52.0029744,-0.4651388999999999,71292.0,3154.0,85843.0,9544.0,145706.0,9935.0,143279.0,10367.0,91486.0,10415.0,121732.0,10127.0
Ceredigion,25000.0,0.0803558742691671,0.3562275932632066,0.045213914046841,52.21914289999999,-3.9321256,333635.0,15033.0,441768.0,64232.0,387796.0,61730.0,453744.0,63350.0,440793.0,64667.0,445569.0,63890.0
Channel Islands,4000.0,0.3227535922822391,0.0,0.395073492545662,55.378051,-3.435973,572929.0,20826.0,,,,,,,,,,
Charnwood,85000.0,0.1907381492851532,0.3652410379366711,0.1681930937509686,52.7407093,-1.1451461,177718.0,6865.0,265843.0,14513.0,296615.0,13451.0,277897.0,13811.0,264186.0,15068.0,270103.0,14531.0
Chelmsford,117000.0,0.326051552241947,0.4933546856172693,0.1501871896851247,51.7355868,0.4685497,107676.0,4548.0,81933.0,6487.0,113351.0,5460.0,94320.0,5520.0,,,85774.0,6120.0
Cheltenham,110000.0,0.1731252599226268,0.4735975931472388,0.0667936370797721,51.8993855,-2.0782533,134295.0,6296.0,171754.0,10115.0,136708.0,6060.0,199476.0,9780.0,,,198912.0,10740.0
Cherwell,156000.0,0.1969953556381748,0.4588558693361755,0.03258458397204,51.8884129,-1.2034285,82179.0,3218.0,96981.0,12063.0,69411.0,6847.0,132153.0,10507.0,87249.0,10346.0,108621.0,11467.0
Cheshire East,34000.0,0.0281682426121989,0.5080802486412033,0.4637515087465977,53.1610446,-2.2185932,278876.0,10411.0,287978.0,13449.0,252315.0,13467.0,300315.0,11907.0,254899.0,14487.0,291262.0,12327.0
Cheshire West and Chester,23000.0,0.0553804971716557,0.1756584802768484,0.6763207035650377,53.2302974,-2.7151117,301221.0,11701.0,331808.0,15444.0,362156.0,14082.0,343749.0,13842.0,329815.0,15399.0,335606.0,14862.0
Chesterfield,24000.0,0.072239747637173,0.7458941644703818,0.0691036132388827,53.235048,-1.421629,239935.0,9099.0,313082.0,13567.0,311089.0,12120.0,326425.0,12780.0,280880.0,13560.0,317382.0,13200.0
Chichester,106000.0,0.321960716045919,0.544092611726374,0.0603769910197183,50.83761000000001,-0.774936,101250.0,4807.0,100555.0,7969.0,123798.0,7680.0,81996.0,4620.0,140535.0,11100.0,132126.0,7320.0
Chiltern,145000.0,0.3934515194481532,0.4987127104077842,0.0281428653254506,51.6606074,-0.6409481,30748.0,1619.0,40347.0,7554.0,49149.0,8807.0,101065.0,9257.0,37499.0,7278.0,49118.0,8957.0
Chorley,5000.0,0.0,0.7179564071555162,0.0,53.653511,-2.632596,352109.0,12907.0,371357.0,16602.0,327275.0,14760.0,383284.0,15660.0,379532.0,15133.0,384723.0,13860.0
City of Edinburgh,44000.0,0.1753296842951429,0.0669041584274686,0.6401514485601214,55.953252,-3.188267,659148.0,25462.0,662192.0,20082.0,693664.0,18900.0,674638.0,19140.0,660455.0,21000.0,666298.0,19620.0
City of London,667000.0,0.2927827362852616,0.0567449259546267,0.620903856291277,51.5123443,-0.0909852,33197.0,3310.0,31996.0,4241.0,67589.0,3867.0,43447.0,3017.0,,,33844.0,3755.0
Clackmannanshire,1000.0,1.0,0.0,0.0,56.1075351,-3.7529409,687148.0,24624.0,723986.0,28348.0,754679.0,28006.0,751708.0,27703.0,706470.0,28996.0,743506.0,28183.0
Colchester,125000.0,0.1747713209257945,0.4584358187576608,0.2211913051723375,51.895927,0.8918740000000001,147810.0,6291.0,122516.0,8757.0,149612.0,7926.0,131026.0,6786.0,117796.0,8719.0,122174.0,7206.0
Conwy,5000.0,0.0,0.2503210310085306,0.7496789689914694,53.282872,-3.82948,378904.0,14876.0,391770.0,16782.0,349965.0,16200.0,403693.0,15180.0,389817.0,17037.0,395568.0,16200.0
Copeland,2000.0,0.0,0.0,1.0,54.4305545,-3.389242,497368.0,20136.0,,,,,,,,,,
Corby,15000.0,0.1008755129191093,0.6791262224833274,0.1516474998097903,52.49229829999999,-0.6842332999999999,146136.0,6435.0,146139.0,11129.0,209802.0,10800.0,192525.0,10860.0,151782.0,12000.0,179291.0,10800.0
Cornwall,221000.0,0.1291128744527651,0.4420198140700234,0.1719621234302626,50.26604709999999,-5.0527125,392593.0,15482.0,426658.0,19837.0,391570.0,15482.0,408568.0,20822.0,437944.0,21122.0,430780.0,18902.0
Cotswold,99000.0,0.1386844731652863,0.719341861802367,0.0221237469615224,51.794968,-1.8838937,119980.0,5433.0,226125.0,13424.0,142548.0,9277.0,205021.0,13537.0,223673.0,14137.0,181758.0,12937.0
County Durham,50000.0,0.1370730556462321,0.2634949107170306,0.4970922087209008,54.7294099,-1.8811598,427484.0,16960.0,444113.0,21261.0,474915.0,20319.0,456559.0,20319.0,442376.0,22179.0,448219.0,20799.0
Coventry,200000.0,0.1246710279566404,0.2753634744553919,0.2054168323010182,52.4128163,-1.5089521,153873.0,5748.0,158746.0,8587.0,127971.0,4500.0,194287.0,7200.0,145196.0,7740.0,185244.0,7620.0
Craven,5000.0,0.0,0.1817968243536349,0.818203175646365,54.1091134,-2.1562821,413122.0,16769.0,,,,,,,,,,
Crawley,474000.0,0.3280865174004172,0.1164927266799329,0.1011144726155804,51.1091401,-0.1872275,67630.0,2887.0,71897.0,5069.0,138467.0,6180.0,76286.0,3660.0,85865.0,7695.0,67502.0,4140.0
Croydon,337000.0,0.4072137240339376,0.3544992432141592,0.1315759913811389,51.3769529,-0.0956895,64052.0,3393.0,44975.0,4235.0,76410.0,5340.0,45652.0,2040.0,42820.0,6840.0,37161.0,2400.0
Dacorum,148000.0,0.3134246831533529,0.5590963829429482,0.0352225504722294,51.74563699999999,-0.4993067999999999,38962.0,1681.0,70094.0,6319.0,101489.0,5532.0,83008.0,5352.0,39008.0,6192.0,74348.0,5952.0
Darlington,12000.0,0.2080550554575685,0.1811238663014633,0.6108210782409682,54.52361,-1.559458,399792.0,15337.0,405109.0,12522.0,435832.0,11640.0,417809.0,11880.0,405041.0,13440.0,409382.0,13440.0
Dartford,68000.0,0.2550534424858359,0.4877867983044255,0.2408365266374318,51.44621,0.216872,88759.0,3616.0,59801.0,8142.0,93402.0,7560.0,68829.0,5280.0,68540.0,9960.0,60486.0,6420.0
Daventry,30000.0,0.1990908218836369,0.6662985874760383,0.1055327185442262,52.25602749999999,-1.1625942,123753.0,5093.0,153043.0,11735.0,117957.0,7560.0,169348.0,10200.0,137877.0,11340.0,160682.0,10800.0
Denbighshire,3000.0,0.0,0.0,0.3110009402606266,53.1842288,-3.4224985,342755.0,14362.0,392511.0,18451.0,350707.0,17869.0,404434.0,16849.0,390558.0,18706.0,396309.0,17869.0
Derby,55000.0,0.0084346024655129,0.778327824693887,0.1014966659959841,52.9225301,-1.4746186,206556.0,8022.0,297178.0,12275.0,262090.0,8040.0,335357.0,10860.0,282056.0,12180.0,301300.0,12900.0
Derbyshire Dales,8000.0,0.0,0.3954223585108982,0.6045776414891019,53.1632937,-1.6699826,252314.0,10598.0,296446.0,20859.0,275951.0,18032.0,309345.0,19892.0,296329.0,21812.0,300645.0,20492.0
Doncaster,47000.0,0.2970550566825648,0.2933016432322795,0.3491351746982724,53.52282,-1.128462,275178.0,10693.0,282045.0,10542.0,312658.0,12060.0,295093.0,9480.0,281190.0,10557.0,286316.0,10740.0
Dorset,231000.0,0.1872336905641536,0.5068242956279704,0.0640154536193339,50.7487635,-2.3444786,169967.0,6781.0,206976.0,13000.0,175871.0,12231.0,188417.0,10431.0,221829.0,16095.0,212571.0,14751.0
Dover,88000.0,0.197919256975073,0.4610862892853306,0.2546298052390448,51.1278758,1.3134027,160886.0,6184.0,155623.0,8562.0,186199.0,7500.0,168144.0,7560.0,154355.0,8953.0,159631.0,8580.0
Dudley,38000.0,0.129049563557547,0.5650594027644436,0.0862089073351717,52.512255,-2.081112,190802.0,7264.0,226266.0,12018.0,165925.0,8951.0,239630.0,11231.0,190533.0,11771.0,230587.0,11651.0
Dumfries and Galloway,6000.0,0.7101645613533432,0.0,0.135976251732826,55.0701073,-3.6052581,554664.0,20180.0,565372.0,20041.0,595751.0,18799.0,577313.0,18019.0,563979.0,20132.0,569170.0,18799.0
Dundee City,4000.0,0.0,0.0,0.0,56.462018,-2.970721,767026.0,27844.0,757128.0,24367.0,788733.0,23580.0,770952.0,23580.0,754676.0,25020.0,762366.0,24000.0
Ealing,1235000.0,0.3490949580515607,0.2221431645505839,0.3833340452685548,51.5132537,-0.3043136,21969.0,1450.0,17303.0,1826.0,66856.0,2599.0,56087.0,4301.0,12449.0,2841.0,19517.0,3306.0
East Cambridgeshire,46000.0,0.1595535435607273,0.5479732410665459,0.1166125964778693,52.4036809,0.2428121,139819.0,6396.0,151699.0,11493.0,182297.0,10911.0,163668.0,10131.0,150768.0,11508.0,155644.0,10911.0
East Devon,84000.0,0.100764162738726,0.4399241911871814,0.0668261635018186,50.75859699999999,-3.2591051,232750.0,9760.0,245770.0,15698.0,243829.0,11210.0,227211.0,12829.0,290203.0,16850.0,283039.0,14630.0
East Hampshire,107000.0,0.2563054760766324,0.7167603920127433,0.0,51.1187851,-0.8749889999999999,57101.0,2816.0,54455.0,9396.0,54888.0,6047.0,35896.0,5627.0,,,59715.0,7847.0
East Hertfordshire,87000.0,0.1873460621940751,0.5858979891933331,0.1414640303157086,51.8945409,-0.0475868,73875.0,3795.0,,,,,,,,,,
East Lindsey,22000.0,0.2386685812244527,0.5915196609707167,0.1225463569204487,53.30423649999999,0.100202,245347.0,11467.0,311627.0,22713.0,342234.0,21591.0,324060.0,22371.0,310771.0,23268.0,315959.0,22311.0
East Lothian,9000.0,0.2632193400445069,0.0,0.4362823527312188,55.9493383,-2.7704464,622784.0,24422.0,635360.0,22707.0,666965.0,21920.0,648212.0,22460.0,632908.0,23360.0,640432.0,23480.0
East Northamptonshire,35000.0,0.0766174498168965,0.874020416137204,0.0493621340458995,52.4883422,-0.459232,151952.0,6284.0,175894.0,10101.0,207398.0,9074.0,187544.0,9314.0,,,179063.0,9734.0
East Riding of Yorkshire,26000.0,0.0175027369736216,0.4799625415986039,0.5025347214277744,53.8416168,-0.4344106,337493.0,13368.0,375132.0,15856.0,405897.0,15378.0,387186.0,14658.0,373533.0,15915.0,379450.0,15378.0
East Staffordshire,9000.0,0.1539745909328579,0.6794588543766253,0.1665665546905167,52.838654,-1.8285789,216040.0,8784.0,,,,,,,,,,
East Suffolk,80000.0,0.2053088956537173,0.4835889505480959,0.2118470911683383,52.1872472,0.9707801,192130.0,7782.0,166191.0,11182.0,197710.0,10395.0,179178.0,10395.0,163739.0,12135.0,170326.0,10815.0
Eastbourne,42000.0,0.1838741317683772,0.3719714841478,0.0776851822825461,50.768035,0.290472,134082.0,5908.0,129267.0,8909.0,168787.0,9360.0,134797.0,7620.0,,,126301.0,7560.0
Eastleigh,58000.0,0.243789457023856,0.5838704688667841,0.0388357738324629,50.967182,-1.374688,93393.0,3584.0,94204.0,6832.0,66438.0,3780.0,79029.0,3300.0,,,140731.0,6720.0
Eden,3000.0,0.0,0.5451007289908915,0.4548992710091085,54.6673412,-2.6962179,476027.0,17177.0,496454.0,24169.0,527026.0,23347.0,508381.0,23227.0,463244.0,25060.0,500252.0,24247.0
Elmbridge,295000.0,0.4876703012630976,0.4860737360695057,0.0068419354068378,51.3673135,-0.3983625,23329.0,1535.0,33309.0,4862.0,76452.0,7108.0,13976.0,2130.0,41855.0,7288.0,15697.0,3848.0
Enfield,272000.0,0.2956024725329733,0.3272501955087003,0.3705727171383176,51.6522994,-0.0807119,59447.0,2690.0,47795.0,5682.0,82791.0,5700.0,60476.0,5520.0,51384.0,6417.0,51898.0,5460.0
Epping Forest,95000.0,0.3617184971962495,0.334430253295897,0.2876089345589047,51.6570766,0.0412824,70789.0,2843.0,56103.0,8056.0,86589.0,7301.0,68065.0,6821.0,52267.0,9184.0,59162.0,7598.0
Epsom and Ewell,102000.0,0.4278748183501341,0.5006968554589327,0.0169358315441363,51.3362231,-0.2688232,38534.0,2070.0,49040.0,5888.0,76261.0,6033.0,50002.0,3633.0,39230.0,7593.0,41226.0,4053.0
Erewash,19000.0,0.0619228933215145,0.7860044034778874,0.0629161788209119,52.931125,-1.3255597,199491.0,7757.0,253323.0,16030.0,242848.0,15307.0,335826.0,14767.0,232800.0,17268.0,327173.0,15367.0
Exeter,116000.0,0.0665928301923847,0.2496749219013982,0.2669878979112013,50.72603669999999,-3.5274889,250083.0,10563.0,255846.0,10895.0,220758.0,6180.0,237728.0,10200.0,267132.0,11880.0,259968.0,9720.0
Falkirk,4000.0,0.0,0.0,0.5596861213125135,56.00187750000001,-3.7839131,674748.0,24355.0,703280.0,22362.0,734073.0,21420.0,715726.0,21420.0,701543.0,23280.0,707386.0,21900.0
Fareham,78000.0,0.1882262884651605,0.5915595449229839,0.0,50.8548464,-1.1865868,119911.0,4529.0,102165.0,8089.0,99099.0,4740.0,83606.0,4680.0,,,162336.0,9120.0
Fenland,24000.0,0.1868123105809994,0.7754938654395028,0.0376938239794976,52.54748360000001,0.0873357,157189.0,7116.0,180097.0,9814.0,210865.0,9274.0,193285.0,9523.0,178498.0,11008.0,184415.0,11129.0
Fife,1000.0,0.0,0.0,0.0,56.2082078,-3.1495175,730980.0,26313.0,717753.0,26083.0,749358.0,25296.0,731577.0,25296.0,715301.0,26736.0,722991.0,25716.0
Flintshire,7000.0,0.2048479121822367,0.3204009188370101,0.2204856781335529,53.1668658,-3.1418908,324676.0,12971.0,340765.0,15214.0,371161.0,14632.0,352706.0,13612.0,339386.0,15905.0,344563.0,14632.0
Folkestone and Hythe,53000.0,0.1866889629550865,0.3668009675507934,0.292680588974464,51.0832153,1.1706631,149276.0,5663.0,143963.0,8070.0,174539.0,7008.0,156484.0,7068.0,142695.0,8461.0,147971.0,8088.0
Forest of Dean,54000.0,0.0767837663326926,0.3997058177518873,0.0617410054855746,51.7999835,-2.5519169,173140.0,8246.0,252694.0,14668.0,160760.0,12317.0,280374.0,14573.0,225175.0,17297.0,256816.0,15533.0
Fylde,4000.0,0.0,1.0,0.0,53.7669515,-2.9030322,387479.0,14313.0,386450.0,16950.0,416832.0,15768.0,398385.0,15048.0,385057.0,17041.0,390248.0,15768.0
Gateshead,11000.0,0.1162678990399707,0.3176690634258877,0.3794930992992722,54.95268,-1.603411,456095.0,17638.0,467729.0,15102.0,498453.0,13980.0,479180.0,14220.0,466086.0,15508.0,471835.0,14640.0
Gedling,13000.0,0.3875456305312958,0.4591752088077586,0.0916678413182886,52.97345499999999,-1.0800559,210298.0,9053.0,234416.0,13843.0,256277.0,13861.0,246470.0,12541.0,232817.0,13798.0,238734.0,13261.0
Glasgow City,39000.0,0.2540178482096526,0.2854535620901222,0.3688692181188725,55.86167039999999,-4.2583345,656195.0,23491.0,676360.0,21462.0,706739.0,20220.0,688789.0,22200.0,653492.0,24360.0,680652.0,23220.0
Gloucester,91000.0,0.0669376213345685,0.6076298541971236,0.039766397930582,51.8642449,-2.238156,146114.0,6931.0,160817.0,9035.0,125771.0,4980.0,188539.0,8700.0,,,164981.0,9660.0
Gosport,29000.0,0.302586352574296,0.5387058279308665,0.0,50.800482,-1.1409959,125485.0,5032.0,100217.0,8940.0,92801.0,6651.0,81658.0,5471.0,,,105799.0,9431.0
Gravesham,51000.0,0.2306260514796575,0.6693133833320141,0.1000605651883285,51.44188399999999,0.370759,97473.0,3948.0,71266.0,6342.0,101750.0,5160.0,76574.0,5700.0,69409.0,6268.0,68077.0,6720.0
Great Yarmouth,18000.0,0.2679028833251875,0.5258595086774467,0.0797346778542594,52.598233,1.728047,257955.0,9924.0,253323.0,14287.0,284907.0,13980.0,266205.0,13500.0,253380.0,15297.0,257353.0,13920.0
Greenwich,384000.0,0.3178765990883544,0.1072424589537704,0.488020160689971,51.4933675,0.0098214,104994.0,4204.0,40008.0,5523.0,74515.0,4461.0,49380.0,3561.0,43327.0,6138.0,40528.0,4101.0
Guildford,339000.0,0.4783480388421713,0.443422466198381,0.0091898374720448,51.23622,-0.570409,35415.0,1869.0,28299.0,3889.0,41760.0,2700.0,9740.0,420.0,43152.0,7275.0,59315.0,4500.0
Gwynedd,9000.0,0.5052839200004267,0.1419009955047627,0.0903577264623078,52.9277266,-4.1334836,377000.0,15793.0,463198.0,27659.0,390454.0,23951.0,475139.0,26717.0,463736.0,28550.0,466482.0,26597.0
Hackney,459000.0,0.2888261949734675,0.0350023794260332,0.6588120443338515,51.5436387,-0.0553621,95447.0,4032.0,36045.0,6358.0,69870.0,4545.0,58725.0,5703.0,34298.0,7203.0,40037.0,5103.0
Halton,4000.0,0.0,1.0,0.0,53.33172099999999,-2.695822,311662.0,11480.0,328273.0,14769.0,286415.0,14187.0,340214.0,13167.0,327881.0,16407.0,332071.0,14187.0
Hambleton,18000.0,0.0498301561516945,0.5563397649110813,0.3938300789372241,52.65709400000001,-0.666149,177879.0,7451.0,195434.0,16018.0,226206.0,14956.0,207488.0,15316.0,193777.0,16573.0,199694.0,16036.0
Hammersmith and Fulham,1180000.0,0.3931230311205344,0.0784278695962399,0.5098983399997066,51.5000049,-0.2378535,22940.0,1439.0,20968.0,3332.0,63049.0,3498.0,41537.0,4515.0,18223.0,4674.0,21037.0,3725.0
Harborough,41000.0,0.2921076444746066,0.562614185171158,0.1011051807472837,52.5708762,-0.9346458,158657.0,7066.0,,,,,,,,,,
Haringey,375000.0,0.2954354136564734,0.1226180229571532,0.5731709406980956,51.59052699999999,-0.1033379,46899.0,3170.0,38537.0,4663.0,69381.0,3894.0,51725.0,4063.0,36800.0,6514.0,42633.0,4254.0
Harlow,46000.0,0.1199628241546044,0.5940590536537178,0.2859781221916779,51.767787,0.087806,82896.0,3626.0,70576.0,6427.0,102013.0,5400.0,79567.0,5460.0,,,71015.0,5400.0
Harrogate,26000.0,0.1095161635560543,0.4337446488285377,0.2553840466441523,53.99212,-1.541812,339107.0,14054.0,367024.0,14142.0,397748.0,12780.0,379725.0,12960.0,365381.0,14128.0,371130.0,13200.0
Harrow,510000.0,0.5406390320087331,0.3361936032002044,0.099658052668643,51.5805011,-0.3421192,27215.0,1758.0,41987.0,4747.0,73398.0,4020.0,60741.0,4500.0,16489.0,4017.0,44116.0,4320.0
Hart,141000.0,0.3016081589263752,0.6429838580504088,0.0134971012954469,51.3016959,-0.8929571000000001,41290.0,1835.0,48540.0,8218.0,42742.0,5529.0,29981.0,4809.0,,,52790.0,5709.0
Hartlepool,6000.0,0.0,0.0,1.0,54.691745,-1.212926,421555.0,16346.0,511659.0,17802.0,542328.0,16620.0,522817.0,16860.0,511477.0,18420.0,514014.0,17220.0
Hastings,45000.0,0.0206690007451952,0.785274750437835,0.1115045206958218,50.854259,0.573453,132244.0,6065.0,131751.0,9847.0,163141.0,9540.0,138461.0,8040.0,129299.0,10800.0,129971.0,9480.0
Havant,68000.0,0.4175639193113619,0.4109690164126306,0.0458283281729413,50.8518324,-0.9847131999999998,97718.0,4098.0,86258.0,6589.0,99772.0,6840.0,67699.0,3240.0,101111.0,10035.0,91840.0,7140.0
Havering,151000.0,0.2844377174309972,0.3795538862522424,0.3018342599088445,51.577924,0.2120829,91532.0,3891.0,55683.0,7449.0,88327.0,6207.0,68968.0,5847.0,56858.0,7464.0,60460.0,6867.0
"Herefordshire, County of",41000.0,0.1024052051221503,0.5072157744273578,0.2089600600109076,52.0765164,-2.6544182,231604.0,8998.0,207237.0,16495.0,172149.0,11960.0,223654.0,17240.0,192343.0,15380.0,211359.0,15560.0
Hertsmere,107000.0,0.4009909719246273,0.4114883345347397,0.1111529184048417,51.6619501,-0.3075666,41000.0,2074.0,52932.0,8313.0,83963.0,8199.0,65260.0,6959.0,30775.0,7336.0,56217.0,7388.0
High Peak,7000.0,0.0,0.18577762770832,0.4996475925265231,53.3325341,-1.8876721,276665.0,11755.0,337849.0,18505.0,307537.0,16889.0,355219.0,16409.0,341334.0,17726.0,347007.0,16889.0
Highland,5000.0,0.0,0.524826294578334,0.2055108227797081,57.4595749,-4.2263955,909207.0,33664.0,913668.0,47474.0,954474.0,51449.0,936163.0,50495.0,921722.0,49352.0,923700.0,49607.0
Hillingdon,1524000.0,0.3455900578280055,0.3016552672154574,0.0959260200217752,51.5351832,-0.4481378,11208.0,928.0,14486.0,3178.0,45959.0,4848.0,35362.0,6403.0,2293.0,927.0,21704.0,4848.0
Hinckley and Bosworth,18000.0,0.2115619487529549,0.5613629914451944,0.101858481073524,52.6302593,-1.4115209,178399.0,7406.0,266221.0,16507.0,296993.0,15342.0,242783.0,16430.0,179415.0,17245.0,172073.0,16285.0
Horsham,83000.0,0.3258161209249489,0.5616740730423346,0.0175097892665165,51.062883,-0.325858,63648.0,3346.0,86392.0,6782.0,84947.0,6180.0,89517.0,4920.0,93103.0,8460.0,81021.0,4860.0
Hounslow,1103000.0,0.3877541276687793,0.276436397653358,0.2295510913572945,51.4704124,-0.3633719,15047.0,1205.0,9393.0,1372.0,49865.0,4140.0,48713.0,3480.0,17511.0,3036.0,10599.0,840.0
Huntingdonshire,105000.0,0.225714494648124,0.47166101273535,0.2388152899447285,52.33146,-0.182552,121070.0,5413.0,125869.0,8442.0,160790.0,7980.0,141326.0,7500.0,124580.0,8368.0,130340.0,7260.0
Ipswich,87000.0,0.1983708845721039,0.3154867170902717,0.1536453383179815,52.0596687,1.1480867,174213.0,7353.0,143258.0,8982.0,175971.0,7920.0,157355.0,7440.0,144097.0,9373.0,148474.0,7860.0
Isle of Anglesey,2000.0,0.0,1.0,0.0,53.265325,-4.429140299999999,428571.0,16790.0,439159.0,23358.0,441392.0,24869.0,477170.0,22109.0,441873.0,24269.0,469033.0,23129.0
Isle of Wight,63000.0,0.4380180034840545,0.2516147388560836,0.0,50.69384789999999,-1.304734,128311.0,9253.0,121215.0,13683.0,105064.0,11954.0,102656.0,10214.0,136000.0,15914.0,127030.0,13574.0
Isles of Scilly,1000.0,0.0,1.0,0.0,49.9232519,-6.2965725,,,573798.0,45327.0,538632.0,44502.0,596293.0,48108.0,581852.0,47025.0,583830.0,49080.0
Islington,895000.0,0.3328049273973094,0.0400501932224211,0.6217141396429996,51.538621,-0.1028346,43489.0,3349.0,35828.0,5152.0,64408.0,4436.0,44785.0,3679.0,32605.0,5826.0,38685.0,4101.0
Kensington and Chelsea,2296000.0,0.3920589485562356,0.0624667231320594,0.5123446427671033,51.4990805,-0.1938253,25622.0,1652.0,24302.0,3398.0,60918.0,2828.0,42053.0,3136.0,29953.0,4411.0,27326.0,3639.0
Kettering,48000.0,0.0948747397250578,0.8011574737374066,0.089021387998466,52.396322,-0.7302489999999999,131467.0,5682.0,134102.0,9929.0,197748.0,10260.0,180471.0,10320.0,139745.0,10800.0,167237.0,10260.0
King's Lynn and West Norfolk,23000.0,0.2712770551391485,0.4350321947018574,0.1716705782128609,52.78739299999999,0.493615,214632.0,9025.0,201619.0,14590.0,232234.0,13108.0,213568.0,13528.0,201360.0,14788.0,205564.0,14008.0
"Kingston upon Hull, City of",17000.0,0.0435731988471559,0.3263119485340448,0.5447648882190902,53.7452888,-0.33657,346000.0,13586.0,362007.0,14476.0,392772.0,13894.0,374061.0,13174.0,360408.0,14431.0,366325.0,13894.0
Kingston upon Thames,410000.0,0.5272392951348988,0.2666652077793019,0.0745651781158626,51.41233,-0.300689,29988.0,1941.0,17195.0,3760.0,74917.0,5700.0,22673.0,2433.0,26311.0,5091.0,18434.0,2580.0
Kirklees,19000.0,0.2377414023600631,0.3190662490552219,0.4012617411394377,53.5933432,-1.8009509,304624.0,12474.0,351325.0,18145.0,376715.0,18343.0,363841.0,17143.0,349565.0,18400.0,355306.0,18163.0
Knowsley,11000.0,0.4862733260516213,0.1874233013473105,0.3263033726010683,53.454594,-2.852907,333604.0,12068.0,371678.0,14839.0,315232.0,17257.0,383613.0,12937.0,370285.0,14930.0,375476.0,13657.0
Lambeth,904000.0,0.3545629531406693,0.099794216420901,0.4961963761266562,51.4935082,-0.1178424,31722.0,2722.0,31478.0,4801.0,65092.0,3799.0,40746.0,2807.0,,,29608.0,3070.0
Lancaster,7000.0,0.0,0.4314225698202545,0.5685774301797455,54.0449072,-2.799346700000001,397120.0,14692.0,400656.0,13602.0,431107.0,12420.0,412622.0,11640.0,398674.0,13468.0,404454.0,12420.0
Leeds,154000.0,0.2226798511073572,0.2461357944461956,0.3374247568186577,53.8007554,-1.5490774,315672.0,12279.0,330141.0,12342.0,360927.0,11280.0,342481.0,11580.0,329402.0,12957.0,334415.0,12360.0
Leicester,242000.0,0.2510748233227661,0.4025066800604226,0.0940668452409364,52.6368778,-1.1397592,163455.0,6786.0,181911.0,11789.0,222263.0,10260.0,229190.0,9780.0,187554.0,12660.0,220998.0,10260.0
Lewes,40000.0,0.454270535252314,0.2164975008380784,0.1672296697536521,50.87387200000001,0.00878,111961.0,4410.0,103932.0,7589.0,143123.0,8160.0,109499.0,6600.0,,,100681.0,6360.0
Lewisham,369000.0,0.3371623445565651,0.1826114315551788,0.4673654667008125,51.46115090000001,-0.0073177,40681.0,4501.0,39834.0,6369.0,73377.0,5187.0,49056.0,3627.0,,,40209.0,4287.0
Lichfield,14000.0,0.0957747557240302,0.7429745970584457,0.161250647217524,52.681602,-1.831672,193291.0,7327.0,216814.0,9547.0,188988.0,8280.0,229673.0,8580.0,214364.0,11580.0,221013.0,9060.0
Lincoln,49000.0,0.1031048649574546,0.4438067114743438,0.353509276171862,52.9451889,-0.1601246,199465.0,8724.0,287493.0,21210.0,318074.0,20208.0,300095.0,20208.0,285733.0,21405.0,291615.0,20628.0
Liverpool,64000.0,0.2573697979074016,0.1867623311781634,0.3988522001897434,53.4083714,-2.9915726,336316.0,12893.0,342158.0,13062.0,372726.0,12720.0,354099.0,11460.0,341180.0,13737.0,345956.0,12480.0
Luton,184000.0,0.2721063241411896,0.500959235338181,0.1220762344936331,51.8786707,-0.4200255,54368.0,2323.0,68794.0,6689.0,130515.0,7560.0,111424.0,7800.0,72058.0,6360.0,100096.0,7560.0
Maidstone,93000.0,0.2164520903165038,0.6433239606037087,0.1402239490797876,51.2704083,0.5227244999999999,97616.0,3865.0,91567.0,8262.0,125170.0,7080.0,100546.0,6060.0,,,92014.0,7080.0
Maldon,28000.0,0.0357666838911975,0.6872943130422906,0.2489784816905389,51.73180499999999,0.6714479999999999,121539.0,5206.0,96377.0,9326.0,129010.0,8744.0,110084.0,7724.0,97552.0,9341.0,101554.0,8744.0
Malvern Hills,19000.0,0.1597750986196132,0.5570480561451792,0.2027184492280575,52.1893836,-2.3369784,205906.0,7802.0,188940.0,14949.0,153852.0,10174.0,216327.0,14794.0,174046.0,13834.0,193062.0,13774.0
Manchester,37000.0,0.209478797931042,0.2951957772517108,0.3233101880557765,53.4807593,-2.2426305,316328.0,12285.0,326018.0,12342.0,356510.0,11160.0,337978.0,10680.0,332437.0,12808.0,338203.0,11760.0
Mansfield,14000.0,0.1359404130561285,0.4161361912207348,0.3887765300756003,53.147195,-1.198674,226980.0,9273.0,290491.0,15282.0,277571.0,14160.0,302545.0,13800.0,288892.0,14937.0,294809.0,14340.0
Medway,117000.0,0.2078281945218503,0.5733718263990862,0.1970708905206768,51.4047432,0.5417860999999999,110424.0,4362.0,86717.0,8798.0,121604.0,8336.0,96613.0,7676.0,94835.0,10016.0,90269.0,7616.0
Melton,13000.0,0.0752600699340582,0.6061420491115341,0.3185978809544076,52.82827839999999,-0.8432685,201938.0,8569.0,,,,,,,,,,
Mendip,62000.0,0.1820389899359439,0.4507872784930916,0.1339880298107436,51.1941742,-2.5228191,166520.0,6979.0,181617.0,14235.0,146529.0,10240.0,209297.0,13900.0,,,185739.0,14860.0
Merthyr Tydfil,1000.0,0.0,0.0,0.0,51.74872999999999,-3.381646,247840.0,9417.0,250225.0,13795.0,215137.0,10220.0,277905.0,13460.0,,,254347.0,14420.0
Merton,429000.0,0.5107371515800032,0.1999880190900981,0.2378436354076933,51.4097742,-0.2108084,42853.0,2177.0,34289.0,5160.0,72529.0,4746.0,29562.0,3346.0,35058.0,7820.0,31722.0,3195.0
Mid Devon,25000.0,0.2556236469003793,0.3338368817463799,0.225836650934378,50.9190318,-3.4746216,246504.0,9905.0,246208.0,14235.0,211120.0,9460.0,271770.0,14080.0,257494.0,15220.0,250330.0,13060.0
Mid Suffolk,37000.0,0.1552620581265213,0.47022045347452,0.1632606762693327,52.27137700000001,1.0721487,200648.0,8289.0,208786.0,14996.0,240204.0,13969.0,217561.0,14209.0,207838.0,15406.0,212747.0,14629.0
Mid Sussex,80000.0,0.3652069016451895,0.2838601668713457,0.117401836453085,51.0331579,-0.1154553,75132.0,3087.0,90092.0,12185.0,137916.0,13352.0,100932.0,11372.0,,,92119.0,11792.0
Middlesbrough,16000.0,0.0,0.1335178872696776,0.8664821127303225,54.574227,-1.234956,403453.0,15528.0,429140.0,15222.0,459864.0,14040.0,440591.0,14280.0,427497.0,15568.0,433246.0,14700.0
Milton Keynes,297000.0,0.3728833786653202,0.480783167222159,0.0899055961898963,52.0406224,-0.7594171,87947.0,3850.0,111028.0,6702.0,141491.0,5520.0,122947.0,5340.0,74251.0,5820.0,114289.0,5220.0
Mole Valley,119000.0,0.3234976555024753,0.6255234367258155,0.0311908051410257,51.234566,-0.3264952,41691.0,1969.0,87998.0,7925.0,63375.0,4416.0,31470.0,3696.0,,,80931.0,6276.0
Monmouthshire,35000.0,0.0704919549280379,0.7078379269899948,0.0871087771943191,51.81160999999999,-2.7163417,201229.0,8187.0,207498.0,14894.0,172410.0,11499.0,261299.0,13208.0,218784.0,15879.0,238911.0,15519.0
Moray,0.0,0.0,0.0,1.0,57.64984759999999,-3.3168039,932924.0,35257.0,1014579.0,50044.0,1055385.0,54019.0,1037074.0,53065.0,1022633.0,51922.0,1024611.0,52177.0
Na h-Eileanan Siar,2000.0,0.0,1.0,0.0,57.75989180000001,-7.0194035,1102952.0,51675.0,,,,,,,,,,
Neath Port Talbot,26000.0,0.0,0.4059404174458884,0.091154204040486,51.691743,-3.7346728,280131.0,10553.0,278478.0,15270.0,243390.0,11575.0,306158.0,14935.0,,,282600.0,15895.0
New Forest,126000.0,0.1924704269938335,0.5192975743466994,0.0365106244932143,50.8758752,-1.6327718,118683.0,4573.0,,,,,,,,,,
Newark and Sherwood,29000.0,0.0,0.2762144094574647,0.7237855905425354,53.08509429999999,-0.952234,231153.0,9519.0,262698.0,15163.0,275712.0,15181.0,275712.0,14161.0,260939.0,16018.0,266665.0,15181.0
Newcastle upon Tyne,16000.0,0.1564972600749001,0.1396555136349076,0.6459438497526798,54.978252,-1.61778,458503.0,17766.0,462971.0,13902.0,493695.0,12720.0,474422.0,12960.0,461328.0,14248.0,467077.0,13380.0
Newcastle-under-Lyme,13000.0,0.2257532285432131,0.5728376634823679,0.0946523254650621,53.013208,-2.2273002,249044.0,9302.0,272316.0,12342.0,236648.0,11160.0,284276.0,10680.0,239232.0,13680.0,275595.0,11520.0
Newham,456000.0,0.3052061588669899,0.1496436904044937,0.5198425827538247,51.5259127,0.0293731,96646.0,3988.0,41265.0,5832.0,73878.0,5151.0,51991.0,3648.0,,,43244.0,4548.0
Newport,76000.0,0.0694579899116169,0.4941919601414226,0.0328818800796568,51.584151,-2.997664,198294.0,7476.0,191658.0,8015.0,156570.0,4440.0,208075.0,9000.0,,,195780.0,9120.0
North Ayrshire,3000.0,0.0,0.7187518087678028,0.2812481912321972,55.6416731,-4.75946,702437.0,25625.0,723688.0,28628.0,681858.0,28586.0,735629.0,27686.0,690602.0,26674.0,726972.0,27566.0
North Devon,38000.0,0.274711041996767,0.4838528088580757,0.0680228058970483,51.0729874,-3.8918711,284398.0,11877.0,366098.0,25943.0,282470.0,21916.0,336279.0,26476.0,,,321680.0,25456.0
North East Derbyshire,20000.0,0.0692601480511796,0.8086778233550381,0.053463888623548,53.1878221,-1.4403714,242659.0,9586.0,354232.0,16860.0,345461.0,16878.0,366169.0,15138.0,366219.0,17622.0,357516.0,15738.0
North East Lincolnshire,14000.0,0.0,0.4641154577231019,0.5358845422768981,53.5668201,-0.0815066,298021.0,12850.0,361387.0,15512.0,392061.0,14450.0,374401.0,14510.0,359637.0,16367.0,365554.0,15530.0
North Hertfordshire,106000.0,0.2280734583491944,0.5423539727106641,0.2007694587578392,51.9578206,-0.2149955,73138.0,3333.0,88076.0,10135.0,118899.0,8953.0,103533.0,9193.0,86787.0,10061.0,92547.0,8953.0
North Kesteven,9000.0,0.0,0.5094132637151548,0.2661590533475141,53.0880498,-0.4489081999999999,220318.0,9219.0,269184.0,14050.0,299974.0,13168.0,281497.0,13648.0,,,273462.0,14668.0
North Lanarkshire,1000.0,0.0,1.0,0.0,55.8662432,-3.9613144,648191.0,23536.0,714610.0,25420.0,746215.0,24633.0,728434.0,24633.0,712158.0,26073.0,719848.0,24813.0
North Lincolnshire,71000.0,0.2813190671091516,0.3595009319171442,0.0399176058276887,53.60555919999999,-0.5596582,282391.0,11759.0,,,,,,,,,,
North Norfolk,20000.0,0.2150285118090507,0.2036121196444397,0.5039457038582486,52.9124395,1.0469133,250905.0,10348.0,260400.0,20387.0,292087.0,19240.0,273624.0,19120.0,,,264772.0,19540.0
North Somerset,78000.0,0.2565399499067802,0.5152373880308782,0.0616690511502591,51.3879028,-2.7781091,183381.0,7598.0,187033.0,12907.0,151945.0,8852.0,203450.0,13412.0,198319.0,13892.0,191155.0,13532.0
North Tyneside,3000.0,0.0,0.3164642778265732,0.6835357221734268,55.0182399,-1.4858436,459261.0,17678.0,479206.0,18881.0,509875.0,17699.0,490364.0,17939.0,479024.0,19537.0,481561.0,18337.0
North Warwickshire,5000.0,0.0,0.4543415208264873,0.5456584791735127,52.5423152,-1.6076567,180360.0,6900.0,,,,,,,,,,
North West Leicestershire,10000.0,0.0,1.0,0.0,52.7466112,-1.4735321,203256.0,7496.0,247252.0,17019.0,226757.0,14192.0,260104.0,16052.0,246676.0,17732.0,251451.0,16652.0
Northampton,115000.0,0.2055465604568227,0.6633317969794709,0.03172502624169,52.23706499999999,-0.8944420999999999,109701.0,4650.0,136828.0,7962.0,176892.0,7140.0,149155.0,7020.0,100074.0,7560.0,140112.0,7440.0
Northumberland,10000.0,0.3522388219345061,0.1681820012134678,0.113055275428919,55.2082542,-2.0784138,500930.0,20086.0,816222.0,58209.0,851291.0,58527.0,826031.0,57327.0,814463.0,59247.0,817526.0,57927.0
Norwich,87000.0,0.0949343023195796,0.4313247528902512,0.2206085230385755,52.6292567,1.2978802,227225.0,9070.0,218789.0,10687.0,250308.0,9900.0,231777.0,9900.0,216337.0,11640.0,222925.0,10320.0
Nottingham,167000.0,0.1909425133166269,0.2870468043620813,0.2044956795482143,52.9540223,-1.1549892,204704.0,8236.0,237518.0,11802.0,250532.0,10800.0,283898.0,12660.0,270451.0,14580.0,275232.0,13260.0
Nuneaton and Bedworth,16000.0,0.0,0.6073934871728383,0.222860164442437,52.52249,-1.4723491,165416.0,6616.0,187108.0,9083.0,218591.0,8296.0,200040.0,8356.0,184727.0,8836.0,191307.0,8596.0
Oadby and Wigston,12000.0,0.3236865779402279,0.5298751877953732,0.0,52.5801686,-1.0966272,163291.0,6727.0,247114.0,13505.0,277886.0,12443.0,214469.0,15260.0,186877.0,15227.0,251374.0,13523.0
Oldham,3000.0,0.0,0.2616221526955203,0.0,53.5409298,-2.1113659,332779.0,12504.0,340180.0,15550.0,370642.0,14368.0,352126.0,13888.0,338275.0,15236.0,343978.0,14368.0
Oxford,785000.0,0.1712545051529244,0.2364279321577189,0.0345463206827877,51.7520209,-1.2577263,76543.0,3429.0,57971.0,3217.0,44217.0,1380.0,95522.0,5760.0,55886.0,2640.0,83234.0,5280.0
Pembrokeshire,43000.0,0.0930172010908745,0.5580427770378882,0.1124333509188617,51.67624559999999,-4.918369999999999,365996.0,14107.0,398064.0,19595.0,362976.0,16260.0,425744.0,19500.0,409350.0,21120.0,402186.0,20460.0
Pendle,0.0,0.0,1.0,0.0,53.86945619999999,-2.1639879,376741.0,14068.0,392439.0,18652.0,423112.0,17590.0,404955.0,17650.0,390679.0,18907.0,396420.0,18670.0
Perth and Kinross,2000.0,0.0,0.4665166329028219,0.0,56.39538169999999,-3.4283547,737228.0,26510.0,755396.0,28147.0,816914.0,37501.0,798385.0,36541.0,741073.0,31784.0,790187.0,36721.0
Peterborough,107000.0,0.2774467360511157,0.5249232187155154,0.1976300452333688,52.57031689999999,-0.2407996999999999,152860.0,6494.0,154075.0,7362.0,184817.0,6780.0,166942.0,6300.0,153380.0,7377.0,158393.0,6780.0
Plymouth,95000.0,0.1363348108476488,0.2449208259737259,0.2167742177147308,50.3754565,-4.1426565,318697.0,12876.0,339321.0,14555.0,304233.0,9780.0,321232.0,14400.0,350607.0,15540.0,343443.0,13380.0
Portsmouth,207000.0,0.3225866478714746,0.451888313689924,0.0540567547388077,50.8197675,-1.0879769,102606.0,4257.0,99003.0,7729.0,108419.0,5220.0,80444.0,4320.0,,,104585.0,8220.0
Powys,26000.0,0.0530143180622044,0.5991138655971401,0.0785577819480607,52.6464249,-3.3260904,301010.0,11759.0,325452.0,18698.0,271504.0,16316.0,337372.0,17096.0,291883.0,20096.0,329250.0,18116.0
Preston,9000.0,0.7752781190036242,0.1018338961647731,0.0,53.763201,-2.70309,366398.0,13730.0,366965.0,12582.0,397416.0,11400.0,378931.0,10620.0,364983.0,12448.0,370763.0,11400.0
Reading,681000.0,0.3538190971690109,0.3126275294167317,0.015782035121357,51.45512009999999,-0.9787475,43007.0,1991.0,35758.0,2972.0,,,62475.0,3000.0,,,39210.0,2940.0
Redbridge,224000.0,0.2637764436726636,0.4154105452685506,0.3079669902935593,51.5748179,0.0507539,87149.0,3450.0,46029.0,6209.0,78541.0,5238.0,58627.0,4607.0,44163.0,7127.0,51206.0,5387.0
Redcar and Cleveland,5000.0,0.0,0.3733957270293601,0.3286336112111857,54.59713439999999,-1.0775997,412652.0,15835.0,444303.0,18448.0,476809.0,16510.0,457298.0,16750.0,442660.0,18703.0,448577.0,17866.0
Redditch,12000.0,0.2674174172358326,0.5157484424790797,0.0,52.30897,-1.940936,165636.0,6116.0,237771.0,12462.0,183823.0,10080.0,249706.0,10860.0,236811.0,12477.0,241569.0,11880.0
Reigate and Banstead,108000.0,0.4164438576632473,0.4383011501496685,0.0413424121892501,51.3058308,-0.2193665,48455.0,2125.0,34617.0,7568.0,83756.0,7311.0,56221.0,5246.0,45771.0,8786.0,47767.0,5846.0
Rhondda Cynon Taf,35000.0,0.1732898823947471,0.4608515643979695,0.0,51.64902069999999,-3.4288692,239743.0,9490.0,244725.0,15066.0,209637.0,11491.0,272405.0,14731.0,,,248360.0,16591.0
Ribble Valley,4000.0,0.0,0.643900212459194,0.356099787540806,53.9289626,-2.4627718,385278.0,15134.0,,,,,,,,,,
Richmond upon Thames,889000.0,0.5669485072233192,0.2616081254955721,0.1169986724863231,51.46132619999999,-0.3035268,22146.0,1537.0,20362.0,2675.0,54240.0,3960.0,42236.0,2640.0,21750.0,4740.0,14992.0,1080.0
Richmondshire,7000.0,0.2572630096595588,0.593775273140314,0.1489617172001272,54.3299809,-2.0118584,404788.0,17426.0,,,,,,,,,,
Rochdale,5000.0,0.0,0.7367613400442332,0.0,53.6097136,-2.1561,343039.0,12675.0,344965.0,14682.0,309306.0,14400.0,356911.0,13140.0,343060.0,14488.0,348763.0,13500.0
Rochford,46000.0,0.3214703810895648,0.5978655230661715,0.0806640958442638,51.582071,0.706515,122594.0,5362.0,94967.0,7962.0,127690.0,6480.0,108558.0,6360.0,96142.0,7977.0,100050.0,7380.0
Rother,18000.0,0.3520501140485816,0.4479066705752309,0.0553560559464723,50.969873,0.4159547,120276.0,5188.0,133206.0,12224.0,164089.0,11617.0,139784.0,10777.0,,,130904.0,11437.0
Rotherham,34000.0,0.0116874921616893,0.5217808813539624,0.1750380211663095,53.4326035,-1.3635009,263089.0,10125.0,310466.0,13362.0,341135.0,12300.0,323494.0,12360.0,308706.0,13708.0,306935.0,13920.0
Rugby,36000.0,0.1695335224127698,0.6125118738258619,0.1602017973905503,52.370878,-1.265032,137106.0,5794.0,163588.0,7602.0,146227.0,5820.0,176007.0,6540.0,126916.0,7080.0,166964.0,6960.0
Runnymede,219000.0,0.5469108529726443,0.4040375241833532,0.0,51.40871929999999,-0.5405584999999999,18355.0,801.0,17280.0,4348.0,35258.0,4733.0,20297.0,4913.0,31234.0,7433.0,9508.0,2873.0
Rushcliffe,43000.0,0.1441998703574877,0.5230266377744726,0.2034707826549958,52.8912108,-1.0209505,205672.0,8560.0,261410.0,29943.0,279528.0,27902.0,302779.0,29061.0,257562.0,29634.0,294079.0,29481.0
Rushmoor,123000.0,0.2971761180118275,0.6361518971622795,0.0,51.2711826,-0.7618473,35867.0,1609.0,36765.0,6658.0,31329.0,4389.0,18179.0,2769.0,46819.0,8529.0,36575.0,5469.0
Rutland,20000.0,0.0819308356601238,0.3124121439860011,0.4506700979258206,52.6583014,-0.639643,180741.0,7904.0,213786.0,22480.0,244367.0,21478.0,226388.0,21478.0,212026.0,22675.0,217908.0,21898.0
Ryedale,2000.0,0.0,0.0,1.0,54.1698076,-0.7282461,379217.0,15040.0,,,,,,,,,,
Salford,77000.0,0.2172088341531629,0.1732963613829344,0.5219157905967343,53.48752349999999,-2.2901264,326843.0,11969.0,338443.0,13602.0,403261.0,12780.0,384776.0,12000.0,370828.0,13828.0,376608.0,12780.0
Sandwell,50000.0,0.2127424137941463,0.3616180972863081,0.0969965306861449,52.5361674,-2.010793,193312.0,7008.0,222787.0,11875.0,162446.0,8303.0,236151.0,11063.0,187054.0,11603.0,227108.0,11483.0
Scarborough,20000.0,0.1386624702574123,0.2988042411416342,0.3318917685005904,54.283113,-0.399752,384835.0,16205.0,401736.0,15162.0,432460.0,13980.0,413187.0,14220.0,400093.0,15508.0,405842.0,14640.0
Scottish Borders,8000.0,0.1632073444341053,0.1805833503488725,0.2188902311423742,55.54856969999999,-2.7861388,590536.0,22350.0,,,,,,,,,,
Sedgemoor,48000.0,0.061146880497493,0.4032979364922211,0.157041691737229,51.2238481,-2.9736071,213616.0,7788.0,213032.0,12059.0,177944.0,8064.0,240712.0,11724.0,,,217154.0,12684.0
Sefton,13000.0,0.8166834072875754,0.0522584666599619,0.1310581260524627,53.5034449,-2.970359,340809.0,12345.0,357031.0,17236.0,313599.0,17351.0,367342.0,16331.0,353466.0,18188.0,359217.0,17351.0
Selby,1000.0,0.0,0.4671096753049209,0.532890324695079,53.78352400000001,-1.067189,317548.0,12279.0,363637.0,14742.0,394306.0,13680.0,376665.0,13740.0,375761.0,15448.0,380052.0,14580.0
Sevenoaks,85000.0,0.2524714326360536,0.5191632004749066,0.14994501513525,51.27241000000001,0.190898,72424.0,3104.0,64740.0,6282.0,98349.0,5100.0,73672.0,4080.0,,,65155.0,4560.0
Sheffield,96000.0,0.1024235414058388,0.3534917832201487,0.3443326617938502,53.38112899999999,-1.470085,269966.0,10742.0,311753.0,12582.0,330781.0,12840.0,323965.0,13380.0,309993.0,12928.0,315926.0,14400.0
Shropshire,79000.0,0.1164723011128422,0.5728428014159727,0.1224380043045883,52.7063657,-2.7417849,256186.0,9395.0,282376.0,14962.0,229347.0,11976.0,294317.0,13360.0,249267.0,15516.0,286174.0,14260.0
Slough,356000.0,0.4262843698908744,0.5012355774468766,0.0084649950498201,51.51053839999999,-0.5950405999999999,15020.0,862.0,9476.0,1644.0,28132.0,1380.0,30297.0,4803.0,,,15685.0,2820.0
Solihull,55000.0,0.0893725167444868,0.4734816438171371,0.1982108759337891,52.411811,-1.77761,159772.0,5847.0,151142.0,10237.0,138502.0,6480.0,201244.0,10140.0,151472.0,9553.0,177712.0,11100.0
Somerset West and Taunton,10000.0,0.0,0.7630842303816857,0.0,51.0192705,-3.1059235,215266.0,8892.0,206969.0,9009.0,171881.0,4834.0,234354.0,10474.0,,,211091.0,9574.0
South Ayrshire,1000.0,0.5779030326220596,0.4220969673779405,0.0,55.4588988,-4.6291994,666662.0,25027.0,729849.0,28651.0,688019.0,28609.0,741790.0,27709.0,696620.0,27142.0,733133.0,27589.0
South Bucks,222000.0,0.5047456161400178,0.432305987791467,0.0042922629856488,51.6023284,-0.6319694,21042.0,924.0,26163.0,3195.0,68702.0,6331.0,44460.0,5993.0,15695.0,2414.0,35368.0,4814.0
South Cambridgeshire,110000.0,0.3151529166433178,0.3181806293407627,0.2755527129585488,52.1487594,0.0480241,103030.0,4583.0,140079.0,11425.0,170677.0,10843.0,152048.0,10063.0,139148.0,11440.0,144024.0,10843.0
South Derbyshire,26000.0,0.2427922705668381,0.3892438455904534,0.0590268488072072,52.8429447,-1.5237491,207022.0,8091.0,238951.0,15832.0,218456.0,13005.0,251803.0,14865.0,238375.0,16545.0,243150.0,15465.0
South Gloucestershire,115000.0,0.030730931480077,0.6207103199854815,0.0038260754523717,51.5264361,-2.4728487,156233.0,6112.0,188528.0,12502.0,135992.0,6587.0,198760.0,9947.0,,,175202.0,10907.0
South Hams,34000.0,0.0797924201863154,0.3401242881225733,0.4904889753690868,50.4102244,-3.8009332,294112.0,11844.0,370319.0,20626.0,366874.0,16871.0,374167.0,20711.0,,,317644.0,15371.0
South Holland,27000.0,0.0998535808193575,0.7778707272005331,0.1222756919801094,52.7455834,-0.0490706,176624.0,7579.0,200138.0,14768.0,227985.0,15001.0,209519.0,14581.0,197765.0,16081.0,201634.0,15061.0
South Kesteven,43000.0,0.055583328028002,0.5485221090073747,0.3548636372748937,52.8300224,-0.5440818,186902.0,7556.0,219039.0,12241.0,249873.0,11239.0,231888.0,11299.0,217580.0,12407.0,223357.0,12319.0
South Lakeland,13000.0,0.2089879209567085,0.2325984166849017,0.4445027478199465,54.33135499999999,-2.74009,430325.0,15624.0,434929.0,15508.0,465311.0,14326.0,446864.0,13606.0,433536.0,15599.0,438727.0,14326.0
South Lanarkshire,9000.0,0.7255512896511307,0.2744487103488692,0.0,55.6735909,-3.7819661,620999.0,22553.0,682165.0,25243.0,712737.0,24421.0,694092.0,24301.0,648954.0,26134.0,685963.0,25321.0
South Norfolk,21000.0,0.0,0.6061523998059357,0.2748171900723497,52.4828179,1.2294887,221358.0,8873.0,237471.0,14839.0,269055.0,14532.0,250353.0,14052.0,237528.0,15849.0,241501.0,14472.0
South Northamptonshire,71000.0,0.2199604411618896,0.4969751015911525,0.1573226833729236,52.1443849,-1.0182433,116040.0,4499.0,155972.0,13333.0,186504.0,12151.0,167922.0,12211.0,152466.0,13531.0,159256.0,12811.0
South Oxfordshire,256000.0,0.3182024285717102,0.482467114714959,0.0389451903087,51.6361801,-1.0961011,60095.0,2739.0,84475.0,9776.0,35536.0,5181.0,112155.0,9441.0,92726.0,10761.0,74746.0,8601.0
South Ribble,5000.0,0.3602155797021694,0.0,0.3303777845578765,53.7271964,-2.6907306,348138.0,13165.0,372891.0,14093.0,403342.0,12911.0,384857.0,12131.0,371498.0,14184.0,376689.0,12911.0
South Somerset,78000.0,0.1724586555802343,0.6916854367402481,0.0432392059631046,51.02290660000001,-2.7019371,175870.0,6884.0,192697.0,14844.0,207954.0,10835.0,174138.0,10775.0,254328.0,16595.0,247164.0,14435.0
South Staffordshire,6000.0,0.0,1.0,0.0,52.6615371,-2.1727483,217206.0,8054.0,280853.0,16032.0,238998.0,13650.0,292794.0,14430.0,280461.0,17670.0,284651.0,15450.0
South Tyneside,6000.0,0.0,0.2384468297234167,0.2935421554517744,54.9636693,-1.4418634,454522.0,17431.0,475798.0,18956.0,506573.0,16214.0,487062.0,16454.0,475722.0,18074.0,478259.0,16874.0
Southampton,491000.0,0.2198013022751381,0.1861012300974934,0.0276147904735762,50.9105468,-1.4049018,98972.0,3899.0,110632.0,7355.0,75544.0,3060.0,88167.0,2880.0,,,145385.0,6720.0
Southend-on-Sea,58000.0,0.146918458201641,0.6373905211138697,0.1712355161822987,51.5459269,0.7077123,121966.0,5344.0,90543.0,8142.0,123157.0,7560.0,104070.0,7080.0,91718.0,8157.0,95545.0,7320.0
Southwark,950000.0,0.3541046106657496,0.0653551334128471,0.5556551427259051,51.502781,-0.087738,34463.0,3373.0,32362.0,4430.0,66881.0,3663.0,41413.0,2371.0,34915.0,4954.0,32979.0,3391.0
Spelthorne,312000.0,0.4774440306708027,0.4230575673405017,0.0229883216729701,51.4195668,-0.4580861,12088.0,833.0,13286.0,3879.0,45180.0,4947.0,23229.0,5069.0,24688.0,4838.0,7247.0,2596.0
St Albans,165000.0,0.5123586631795125,0.3746846133445742,0.059910999418158,51.752725,-0.339436,41438.0,2103.0,57581.0,6382.0,93578.0,6720.0,82986.0,6900.0,33621.0,5640.0,73943.0,7320.0
St. Helens,4000.0,0.0,0.7086574110553294,0.0,53.456307,-2.737095,325160.0,11950.0,357667.0,13585.0,388118.0,12403.0,369633.0,11623.0,355685.0,13451.0,361465.0,12403.0
Stafford,25000.0,0.1509528670999137,0.6246388483088086,0.1854855944402457,52.806693,-2.12066,223010.0,8509.0,245585.0,8922.0,196369.0,8700.0,257512.0,7320.0,243617.0,9448.0,249383.0,8220.0
Staffordshire Moorlands,5000.0,0.1759347566294449,0.5664142098328534,0.2576510335377017,53.0725787,-1.9728995,256572.0,10529.0,,,,,,,,,,
Stevenage,69000.0,0.3028085978502731,0.4162985040677943,0.2117692988589015,51.903761,-0.196612,65198.0,2908.0,75706.0,6042.0,106307.0,5160.0,91046.0,5280.0,74440.0,6148.0,80060.0,4980.0
Stirling,1000.0,0.0,0.0,0.0,56.1165227,-3.9369029,679501.0,24451.0,721595.0,26322.0,755681.0,27300.0,737064.0,27300.0,727678.0,27240.0,728911.0,27900.0
Stockport,6000.0,0.0,0.1318117671360289,0.5202819536391626,53.41063159999999,-2.1575332,315794.0,11620.0,316705.0,11802.0,347197.0,10620.0,328665.0,10140.0,314830.0,11728.0,320503.0,10620.0
Stockton-on-Tees,5000.0,0.1244715649785881,0.875528435021412,0.0,54.5704551,-1.3289821,406177.0,15777.0,419280.0,14562.0,450004.0,13380.0,431981.0,13620.0,417637.0,14908.0,423386.0,14040.0
Stoke-on-Trent,111000.0,0.428396012173453,0.2278083289931617,0.0391969648814858,53.0033369,-2.1827408,248849.0,9048.0,265513.0,10062.0,229844.0,9420.0,277504.0,8520.0,264538.0,10677.0,268797.0,8940.0
Stratford-on-Avon,47000.0,0.1353374945922688,0.657914547780051,0.0307682177689229,52.19173,-1.708298,145699.0,5611.0,185167.0,11375.0,150079.0,7140.0,228636.0,11520.0,163031.0,10453.0,189289.0,12000.0
Stroud,83000.0,0.1302470536836017,0.6214359935584203,0.1277825273147059,51.745734,-2.217758,150720.0,6180.0,141376.0,7895.0,106288.0,3480.0,169273.0,7680.0,,,145715.0,8640.0
Sunderland,17000.0,0.0,0.102938721094613,0.3135215373608242,54.906869,-1.383801,446443.0,17643.0,482933.0,18397.0,513312.0,14973.0,493801.0,15213.0,481290.0,18652.0,487207.0,17815.0
Surrey Heath,196000.0,0.3109198567189478,0.6688455968115223,0.0156944193469257,51.3346227,-0.6689303000000001,26144.0,1326.0,23673.0,4006.0,33407.0,5754.0,12672.0,3374.0,37075.0,6954.0,38327.0,7611.0
Sutton,174000.0,0.4394767538266822,0.3391455791141046,0.0549646457609947,51.3614279,-0.193961,45486.0,2759.0,31190.0,6270.0,82171.0,6300.0,48276.0,3780.0,39192.0,7454.0,39476.0,3540.0
Swale,48000.0,0.2094510266024232,0.6962383402848642,0.0584223715759398,51.323167,0.8224796,120063.0,5245.0,106674.0,9712.0,141561.0,9850.0,116570.0,9190.0,114792.0,11530.0,110226.0,9130.0
Swansea,151000.0,0.0622972493684208,0.3780136758101366,0.2576577275115109,51.62144,-3.943645999999999,276823.0,10582.0,283838.0,12095.0,248750.0,8520.0,311518.0,11760.0,,,287960.0,12720.0
Swindon,241000.0,0.2220999864265978,0.5928227584996743,0.0790715211782241,51.5581438,-1.7798258,106498.0,4329.0,101432.0,5855.0,66344.0,1800.0,117849.0,6360.0,,,105523.0,5040.0
Tameside,16000.0,0.1488216742201249,0.3190080031942699,0.1799198309801805,53.4805828,-2.0809891,327709.0,12240.0,339456.0,15650.0,369918.0,14468.0,351402.0,13988.0,337551.0,15336.0,343254.0,14468.0
Tamworth,8000.0,0.2679499733736667,0.5204211307229234,0.050315826749977,52.633584,-1.691032,185262.0,7093.0,206786.0,9127.0,178934.0,7440.0,219624.0,8760.0,204336.0,11160.0,210985.0,8640.0
Tandridge,72000.0,0.3804883513322133,0.5717026157267188,0.0478090329410679,51.2271772,-0.0472327,56171.0,2277.0,64166.0,8281.0,84738.0,6575.0,52833.0,5855.0,71288.0,9872.0,56749.0,6559.0
Teignbridge,53000.0,0.0493001232594189,0.5935907162853112,0.1210975462465699,50.5247502,-3.5932822,277029.0,11094.0,330586.0,21865.0,295498.0,18530.0,358266.0,21770.0,341872.0,23390.0,303288.0,21156.0
Telford and Wrekin,20000.0,0.3050728978267342,0.549620002081756,0.1453071000915098,52.7409916,-2.4868586,242809.0,9207.0,,,,,,,,,,
Tendring,41000.0,0.3083164111427826,0.3612189797228575,0.1596489167547948,51.8748081,1.1145037,169268.0,6983.0,140841.0,10782.0,172360.0,10045.0,153829.0,10045.0,138389.0,11783.0,144977.0,10463.0
Test Valley,106000.0,0.2418438930486552,0.5800163423149762,0.0292443500652985,51.1273626,-1.5518375,91078.0,3725.0,118896.0,12676.0,83808.0,8501.0,96431.0,9221.0,130182.0,13661.0,153649.0,11141.0
Tewkesbury,42000.0,0.2637686949198047,0.2933916417993361,0.1248543628596903,51.992265,-2.15796,157769.0,7070.0,173428.0,13295.0,138340.0,8400.0,200815.0,13140.0,,,184555.0,10877.0
Thanet,37000.0,0.1169905759652221,0.3768614868718189,0.4461191013392038,51.3602516,1.3484663,160539.0,6445.0,181448.0,13132.0,212935.0,12105.0,195984.0,12345.0,178897.0,13485.0,187128.0,12765.0
Three Rivers,117000.0,0.4036065213458521,0.4851181412225639,0.0388662971657772,51.6509104,-0.4618996,27558.0,1396.0,29947.0,5177.0,89549.0,6780.0,73927.0,6657.0,19698.0,4535.0,64994.0,7440.0
Thurrock,67000.0,0.3060721015245852,0.3457771434456397,0.2262090334054315,51.4934557,0.3529197,99447.0,4223.0,69274.0,8886.0,101997.0,7704.0,82812.0,7764.0,75497.0,9496.0,74282.0,8364.0
Tonbridge and Malling,92000.0,0.1649980757849178,0.518465903591055,0.303600372789318,51.2836053,0.350279,84013.0,3279.0,80274.0,9796.0,113888.0,8614.0,89225.0,7594.0,,,80719.0,8614.0
Torbay,46000.0,0.0875082487886825,0.3891289142069821,0.1710059550172235,50.4619209,-3.525315,283194.0,11827.0,297648.0,13535.0,262560.0,9720.0,325328.0,13200.0,,,301779.0,12840.0
Torfaen,19000.0,0.0942984501871874,0.6260700250049408,0.0,51.7002253,-3.0446015,208385.0,7828.0,207072.0,11938.0,171984.0,8363.0,234752.0,11603.0,,,211194.0,12563.0
Torridge,19000.0,0.2020617985403395,0.5718505893411526,0.0567636527380305,50.89284780000001,-4.2654808,312690.0,13575.0,352067.0,20321.0,316979.0,15786.0,333942.0,21306.0,363353.0,21246.0,356189.0,19386.0
Tower Hamlets,1032000.0,0.3166794514166161,0.049880403703971,0.6258315467821999,51.5251066,-0.0347399,96513.0,4024.0,38587.0,4653.0,69127.0,4224.0,46988.0,3874.0,34593.0,6270.0,38900.0,4356.0
Trafford,19000.0,0.4067845479907284,0.3015525223837895,0.2303910750040452,53.4215129,-2.3517259,303167.0,11498.0,347741.0,18404.0,403753.0,15299.0,385306.0,14533.0,371978.0,16539.0,377169.0,15274.0
Tunbridge Wells,82000.0,0.2869016696325605,0.6547722241199924,0.0583261062474471,51.132377,0.263695,93177.0,3697.0,86664.0,6907.0,118054.0,6660.0,93387.0,5460.0,87466.0,8113.0,84930.0,6600.0
Unspecified,32000.0,0.3833715485554055,0.0221858319641101,0.5690102269648826,55.378051,-3.435973,572929.0,20826.0,,,,,,,,,,
Uttlesford,106000.0,0.3673777861439173,0.2373878317800842,0.2053345505857963,51.9789421,0.2391245,111658.0,4686.0,100505.0,9944.0,132027.0,8917.0,109619.0,8437.0,,,101044.0,8917.0
Vale of Glamorgan,59000.0,0.0466670818447425,0.2932180651823136,0.0409184032345041,51.4095958,-3.4848167,250363.0,9642.0,258192.0,12551.0,223104.0,8976.0,285872.0,12216.0,,,262314.0,13176.0
Vale of White Horse,156000.0,0.2217321947666857,0.4277711481601527,0.0473024413804558,51.6319428,-1.4829103,100894.0,4452.0,94866.0,12345.0,59778.0,8290.0,111283.0,12850.0,101443.0,11163.0,102452.0,12970.0
Wakefield,11000.0,0.0,0.2542663396685712,0.6595631616806358,53.683298,-1.505924,301099.0,11800.0,313776.0,11562.0,344562.0,10500.0,326116.0,10800.0,313037.0,12177.0,318050.0,11580.0
Walsall,18000.0,0.0,0.7254481424106668,0.1640691999073485,52.586214,-1.982919,201925.0,7488.0,228989.0,11407.0,168693.0,8340.0,242398.0,10620.0,193301.0,11160.0,233355.0,11040.0
Waltham Forest,265000.0,0.3237921013687536,0.1876737647308653,0.4750747854641499,51.5901724,-0.0173754,54114.0,3456.0,43779.0,5624.0,75801.0,4562.0,56403.0,5462.0,43105.0,5999.0,47801.0,4802.0
Wandsworth,871000.0,0.450701238161199,0.1314110524106168,0.4030801228190891,51.45837299999999,-0.1891356,28477.0,2311.0,26983.0,5137.0,66051.0,5666.0,34612.0,2183.0,23376.0,5183.0,26797.0,2796.0
Warrington,16000.0,0.0715123182676753,0.1586215004644711,0.401680504489151,53.39203999999999,-2.6023453,307654.0,11400.0,323586.0,14262.0,354018.0,9960.0,335536.0,12540.0,321585.0,11008.0,327365.0,9960.0
Warwick,96000.0,0.1371436717451151,0.5822275086826714,0.1935541218881348,52.28231599999999,-1.584927,133108.0,4816.0,128234.0,8977.0,115595.0,5220.0,178337.0,8880.0,128564.0,8293.0,154805.0,9840.0
Watford,255000.0,0.4989493100148907,0.4240649665379599,0.0278753635672545,51.66112829999999,-0.3970199,33151.0,1613.0,40177.0,4589.0,83109.0,4740.0,62295.0,4800.0,22321.0,3971.0,53806.0,4740.0
Waverley,118000.0,0.2681432353686118,0.6427254983386657,0.0138437489037179,51.1565897,-0.6764416999999999,51391.0,2231.0,44023.0,8470.0,57795.0,8721.0,25464.0,5001.0,58575.0,11301.0,49605.0,8961.0
Wealden,63000.0,0.2788552482005507,0.5463282600641756,0.1428111611226166,50.9703846,0.2306394,115623.0,5117.0,111074.0,12211.0,144679.0,11149.0,120031.0,9949.0,114042.0,12602.0,111493.0,10429.0
Wellingborough,22000.0,0.2642892689311289,0.6940379766811545,0.0,52.302419,-0.6939639999999999,125015.0,5349.0,122927.0,10109.0,200776.0,12271.0,168836.0,10956.0,119755.0,11520.0,159793.0,11400.0
Welwyn Hatfield,100000.0,0.4493280289544823,0.3949348036991902,0.1070032751914425,51.7465017,-0.2133693,51092.0,2350.0,57811.0,7976.0,93773.0,7094.0,70074.0,7034.0,62309.0,8291.0,62897.0,6794.0
West Berkshire,282000.0,0.2414987620905346,0.5820578957552247,0.030289170264227,51.4308255,-1.1444927,58298.0,2988.0,82304.0,11004.0,20057.0,6078.0,63495.0,9049.0,,,60420.0,9829.0
West Devon,20000.0,0.1582907587078009,0.4957915041033927,0.0758650764335909,50.651337,-4.0309135,307756.0,12988.0,,,,,,,,,,
West Lancashire,2000.0,0.0,0.0,1.0,53.5728525,-2.8558128,338780.0,12961.0,369234.0,16905.0,402222.0,15980.0,383775.0,15260.0,370447.0,17253.0,375638.0,15980.0
West Lindsey,9000.0,0.1234363361387272,0.5250097537700821,0.2760242795514684,53.3465722,-0.4531518,258818.0,10620.0,,,,,,,,,,
West Lothian,2000.0,0.4805229129954199,0.0,0.5194770870045802,55.9070198,-3.5517167,674709.0,24228.0,687174.0,22331.0,717967.0,21389.0,699620.0,21389.0,685437.0,23249.0,691280.0,21869.0
West Oxfordshire,89000.0,0.1129375894781221,0.4671322593114537,0.0334065680520432,51.8005816,-1.4919143,88760.0,4092.0,83874.0,9484.0,66633.0,6447.0,129375.0,10107.0,82378.0,9147.0,105888.0,9252.0
West Suffolk,149000.0,0.1935848483156143,0.5787245700453567,0.0964917726616116,52.1872472,0.9707801,192130.0,7782.0,166191.0,11182.0,197710.0,10395.0,179178.0,10395.0,163739.0,12135.0,170326.0,10815.0
Westminster,5592000.0,0.3970340306283903,0.0591659970417276,0.5181320035121416,51.4974948,-0.1356583,29741.0,2368.0,28311.0,3546.0,65437.0,3648.0,41337.0,2592.0,26552.0,5784.0,31278.0,3027.0
Wigan,43000.0,0.1905405062860089,0.2278728886053786,0.0103655000492336,53.5450645,-2.6325074,321335.0,12526.0,342648.0,11802.0,373099.0,10620.0,354614.0,9840.0,340666.0,11668.0,346446.0,10620.0
Wiltshire,406000.0,0.1459664092639355,0.6473867260747895,0.0421137267282965,51.3491996,-1.9927105,135086.0,5564.0,134616.0,9473.0,99528.0,5778.0,162296.0,9138.0,,,138738.0,10098.0
Winchester,154000.0,0.2562632325331052,0.5650637974677984,0.0181027119277149,51.059771,-1.310142,82993.0,3293.0,86355.0,5209.0,55205.0,3300.0,67796.0,1860.0,,,86806.0,4982.0
Windsor and Maidenhead,664000.0,0.5947878184264946,0.3659135822310422,0.0138006909152582,51.47997119999999,-0.6242565,15583.0,763.0,14886.0,3433.0,34052.0,3354.0,33193.0,6717.0,,,12929.0,2350.0
Wirral,16000.0,0.0958340552498559,0.3465587365662534,0.5576072081838908,53.3727181,-3.073754,350059.0,13599.0,353695.0,16795.0,384154.0,15433.0,365636.0,15193.0,351813.0,16750.0,357493.0,16213.0
Woking,278000.0,0.347475641734346,0.4834824580400586,0.0086382123318424,51.316774,-0.5600349,21875.0,1297.0,18795.0,2426.0,62475.0,3900.0,,,34079.0,4897.0,57213.0,3300.0
Wokingham,256000.0,0.4563443162685308,0.4649023324897509,0.0094413250098856,51.410457,-0.833861,41031.0,1852.0,36138.0,3575.0,10831.0,600.0,40661.0,3240.0,,,28366.0,2100.0
Wolverhampton,51000.0,0.1036037789676997,0.6245377994758392,0.2221882984276259,52.5868159,-2.1256587,208078.0,8010.0,214244.0,11315.0,179156.0,7320.0,241898.0,10980.0,199535.0,11580.0,218366.0,11940.0
Worcester,43000.0,0.0,0.8409488809491882,0.1341375997476594,52.1941389,-2.2190523,191425.0,7102.0,170934.0,10955.0,135846.0,6060.0,198260.0,10800.0,155979.0,10140.0,174995.0,9780.0
Worthing,32000.0,0.553898638802797,0.4161092797703304,0.0,50.81787,-0.372882,114928.0,4672.0,122103.0,8342.0,137391.0,8460.0,125223.0,5940.0,128814.0,10020.0,116732.0,6480.0
Wrexham,16000.0,0.3578834032007267,0.2783957711240116,0.1718010934153886,53.04304,-2.992494,294406.0,11778.0,338301.0,13602.0,296497.0,13020.0,350224.0,12000.0,337924.0,14640.0,342099.0,13020.0
Wychavon,33000.0,0.3523804001870338,0.5473936578759616,0.0,52.1525178,-2.0330954,176011.0,6943.0,171498.0,12865.0,136410.0,8330.0,187915.0,13610.0,156604.0,11750.0,175620.0,11930.0
Wycombe,325000.0,0.4238914719930911,0.512928855366083,0.0435259947285218,51.638511,-0.8078596,36463.0,1950.0,55544.0,5297.0,85510.0,7240.0,73764.0,9283.0,53465.0,4120.0,41901.0,8107.0
Wyre,3000.0,0.4920935611674018,0.0,0.5079064388325981,53.89960989999999,-2.8093014,383786.0,14322.0,429017.0,19520.0,459396.0,18278.0,440958.0,17498.0,427624.0,19611.0,432815.0,18278.0
Wyre Forest,17000.0,0.1381306740408627,0.8091986619625305,0.0,52.4038046,-2.2537632,187218.0,7534.0,248381.0,15971.0,192484.0,12051.0,260322.0,14369.0,212403.0,15591.0,252179.0,15389.0
York,52000.0,0.1229273550439154,0.1503108322376374,0.6358214466262941,53.9614205,-1.0739108,339835.0,13575.0,334299.0,10962.0,365018.0,9780.0,345745.0,9900.0,,,338405.0,10140.0
