,Local Auth,Total Annual Demand,Mode Share Taxi,Mode Share Car,Mode Share Rail,lat,lng,GC Car,GC Taxi,GC Old Rail,GC New Rail,Best Rail Route,Best GC overall,Best Route,Rail GC Saved,Rail time saved in minutes
0,Aberdeen City,7000,0.2841717128537765,0.4437648387351166,0.2720634484111069,57.1498891,-2.0937528,495.3554348072153,1295.2968269306948,455.9231341962113,455.9231341962113,GC_Direct,455.9231341962113,GC Old Rail,0.0,3.7
1,Aberdeenshire,1000,0.0,1.0,0.0,57.28687230000001,-2.3815684,507.79783989970593,1328.0558108691719,470.1442759195422,470.1442759195422,GC_Direct,470.1442759195422,GC Old Rail,0.0,0.0
2,Adur,13000,0.0,0.8871342763308985,0.0,50.8348175,-0.3101263,69.05954724960247,171.53035329431646,91.59317362279475,80.85858724677752,GC_Staines,69.05954724960247,GC Car,10.734586376017234,33.483333333333334
3,Allerdale,3000,0.0,0.2188427492507967,0.0,54.6990638,-3.1994197,291.1586784446747,756.7667631253514,314.9131631336569,314.9131631336569,GC_Direct,291.1586784446747,GC Car,0.0,3.7
4,Amber Valley,13000,0.0,0.8579522061253322,0.06281156587284197,53.0151867,-1.4823067,132.85130354961197,335.7037113689665,152.3823804407519,152.3823804407519,GC_Direct,132.85130354961197,GC Car,0.0,29.783333333333335
5,Angus,3000,0.0,1.0,0.0,56.6979538,-2.9124057,452.85449690453754,1184.476111355182,633.619668298577,460.90096145385286,GC_Staines,452.85449690453754,GC Car,172.71870684472418,1.7
6,Argyll and Bute,3000,0.0,0.6521215915288451,0.3478784084711549,56.4006214,-5.480748,466.6342922527123,1209.164537570669,470.4479018335462,470.4479018335462,GC_Direct,466.6342922527123,GC Car,0.0,0.0
7,Arun,60000,0.2436028951107032,0.6029771035294661,0.07265259677836698,50.82341,-0.5756878999999999,63.830745260535565,148.3726344822041,91.20513711980135,76.36624476313133,GC_Woking,63.830745260535565,GC Car,14.838892356670016,33.03333333333333
8,Ashfield,12000,0.0,0.4729761453381879,0.0,53.09289279999999,-1.2697006,133.24059880717547,339.0178926046329,166.49772401731798,166.49772401731798,GC_Direct,133.24059880717547,GC Car,0.0,22.7
9,Ashford,47000,0.3743647058969548,0.3039866976087672,0.3005053485092252,51.14510070000001,0.8739631,79.42542329775739,198.02600552401162,74.64475433469886,74.64475433469886,GC_Direct,74.64475433469886,GC Old Rail,0.0,0.11666666666666667
10,Aylesbury Vale,200000,0.313800989982825,0.6371585598496758,0.03435018737711512,51.81767259999999,-0.8194542,43.3065784409562,102.22680225941595,66.6994722046121,66.6994722046121,GC_Direct,43.3065784409562,GC Car,0.0,3.6166666666666667
11,Babergh,36000,0.1257019256734478,0.5971846767559514,0.2209526592236422,52.0603616,0.9175876999999999,106.16829414358637,261.46425708491637,140.18105365954375,139.76251337517232,GC_Staines,106.16829414358637,GC Car,0.4185402843714314,7.116666666666666
12,Barking and Dagenham,114000,0.3102687585030888,0.3914503267101463,0.2548021602366546,51.5540666,0.134017,64.31282331135485,156.44113553872756,46.10558094959633,46.10558094959633,GC_Direct,46.10558094959633,GC Old Rail,0.0,19.216666666666665
13,Barnet,608000,0.5393378917579464,0.2380810454859285,0.2162072082204324,51.6569225,-0.1949252,36.219421765177216,84.70854712091312,47.54665585000523,46.7932580610797,GC_Staines,36.219421765177216,GC Car,0.7533977889255326,13.7
14,Barnsley,11000,0.0,0.4061393015780214,0.5938606984219786,53.55263,-1.479726,169.3536038736492,433.01304811787355,181.88982477508847,181.88982477508847,GC_Direct,169.3536038736492,GC Car,0.0,0.0
15,Barrow-in-Furness,6000,0.0,1.0,0.0,54.108967,-3.218894,270.0021659337112,697.6305688815036,251.24891862766415,251.24891862766415,GC_Direct,251.24891862766415,GC Old Rail,0.0,7.7
16,Basildon,81000,0.4033278224704926,0.4554592730579,0.09640713337573138,51.57608399999999,0.488736,67.59600904659983,166.2875937956274,53.632384497621295,53.632384497621295,GC_Direct,53.632384497621295,GC Old Rail,0.0,7.7
17,Basingstoke and Deane,326000,0.2606750654385337,0.5640731583610944,0.04827513840179128,51.299173,-1.1782681,40.84373784888228,98.1187133046592,62.15478885249852,44.03031589044439,GC_Woking,40.84373784888228,GC Car,18.124472962054128,45.583333333333336
18,Bassetlaw,6000,0.3113218497229885,0.3618539576571155,0.0,53.3186178,-0.9398502999999999,148.5482384738165,377.74140834469523,139.67274683715667,139.67274683715667,GC_Direct,139.67274683715667,GC Old Rail,0.0,0.0
19,Bath and North East Somerset,245000,0.09691185938283162,0.3422880381565227,0.1119816187259077,51.3250102,-2.4766241,106.90701680067784,266.9092854325394,122.88828536619037,116.78800293928292,GC_Reading,106.90701680067784,GC Car,6.100282426907455,41.583333333333336
20,Bedford,108000,0.3942586498639166,0.4647686249661578,0.09671045979020448,52.1386603,-0.4667687,61.12308363939956,146.9548699617429,74.2383210955665,74.2383210955665,GC_Direct,61.12308363939956,GC Car,0.0,0.0
21,Bexley,142000,0.3737552828861813,0.3994994160046907,0.2267453011091279,51.439933,0.154327,59.23309501569652,145.29432073555685,46.795600373445794,46.795600373445794,GC_Direct,46.795600373445794,GC Old Rail,0.0,19.7
22,Birmingham,271000,0.1153623539397392,0.5046582697697051,0.129326244744819,52.4822694,-1.8900078,110.8334768468136,282.5082416572328,115.75591097063229,107.80628037366756,GC_Reading,107.80628037366756,GC New Rail,7.949630596964724,39.38333333333333
23,Blaby,37000,0.1835346215896139,0.7716829136730816,0.0,52.5707761,-1.1656497,96.11546328565565,240.21926049444934,126.59471713657844,126.59471713657844,GC_Direct,96.11546328565565,GC Car,0.0,0.0
24,Blackburn with Darwen,3000,0.3951064332094987,0.0,0.6048935667905012,53.6957522,-2.4682985,209.27676053332658,541.9638869329688,200.40897520862376,200.40897520862376,GC_Direct,200.40897520862376,GC Old Rail,0.0,13.7
25,Blackpool,5000,0.4191962748734004,0.0,0.5808037251265995,53.81674229999999,-3.0370485,222.19190085209232,575.6871287094749,208.0261019088207,208.0261019088207,GC_Direct,208.0261019088207,GC Old Rail,0.0,13.7
26,Blaenau Gwent,9000,0.2992434800698769,0.700756519930123,0.0,51.7875779,-3.2043931,139.9066538591048,355.0937609961921,142.34373023247548,136.48251251217744,GC_Reading,136.48251251217744,GC New Rail,5.861217720298043,33.583333333333336
27,Bolsover,9000,0.0,0.7051797290634358,0.04234363458020479,53.231044,-1.2897209,142.47047695454836,363.3655886152292,177.0945389971525,177.0945389971525,GC_Direct,142.47047695454836,GC Car,0.0,0.11666666666666667
28,Bolton,12000,0.0,0.6573665336822673,0.2225259435643619,53.57686469999999,-2.4282192,195.4488506277865,505.5921572006674,187.9746927485553,187.9746927485553,GC_Direct,187.9746927485553,GC Old Rail,0.0,13.7
29,Boston,9000,0.2095739523085954,0.677653069014315,0.0,52.97893999999999,-0.026577,126.41856881544014,313.1495945775538,146.56899516023014,146.56899516023014,GC_Direct,126.41856881544014,GC Car,0.0,0.11666666666666667
30,"Bournemouth, Christchurch and Poole",354000,0.1615520125991118,0.3767480946713223,0.009158036713090833,50.7380046,-1.9883161,90.99122772884576,227.98799969747887,104.26269329319976,96.65123622570053,GC_Woking,90.99122772884576,GC Car,7.611457067499231,31.4
31,Bracknell Forest,215000,0.3818802097647729,0.5287585043986737,0.03118651572465199,51.4153828,-0.7536495,24.85348699591314,53.866378616080425,28.060178226714584,21.41990167981865,GC_Staines,21.41990167981865,GC New Rail,6.640276546895933,18.583333333333332
32,Bradford,20000,0.1630007300083105,0.1818328282473292,0.5312909024127,53.7937996,-1.7563583,195.17992596723408,499.8959648403125,193.7894961532534,193.7894961532534,GC_Direct,193.7894961532534,GC Old Rail,0.0,0.0
33,Braintree,55000,0.2613266860735737,0.4939273144211591,0.1358674959265259,51.880087,0.5509269,79.6454953199066,199.17689266291677,74.451018075282,74.451018075282,GC_Direct,74.451018075282,GC Old Rail,0.0,12.483333333333333
34,Breckland,33000,0.0,0.5684616497916427,0.3005404289818695,52.5716157,0.8354678,122.79965538793189,311.2626687971556,171.65935249679856,170.83715237373477,GC_Staines,122.79965538793189,GC Car,0.8222001230637943,12.7
35,Brent,732000,0.4546092089711412,0.2194690906923147,0.3018754053353362,51.5672808,-0.2710568,28.854488648691003,61.90215601543763,38.032629490765885,31.521416985633188,GC_Uxbridge,28.854488648691003,GC Car,6.511212505132697,23.4
36,Brentwood,30000,0.3931157093265657,0.3277190008094058,0.2421059035883047,51.620475,0.3071749,58.15764590485518,141.3583405995748,48.132925141776084,48.132925141776084,GC_Direct,48.132925141776084,GC Old Rail,0.0,7.7
37,Bridgend,29000,0.0411782745998831,0.2159006112466578,0.1059809933829791,51.504286,-3.576945,144.67044094582798,370.76058286736105,135.14468487364115,126.59698708623372,GC_Reading,126.59698708623372,GC New Rail,8.54769778740743,36.583333333333336
38,Brighton and Hove,273000,0.1918307340687704,0.2986182413656953,0.2074521791360458,50.8226288,-0.137047,65.98274021838455,161.05272667245887,83.29579017237563,74.25609835408198,GC_Staines,65.98274021838455,GC Car,9.039691818293647,3.6333333333333333
39,"Bristol, City of",469000,0.1228574649236851,0.2339801153658485,0.1179908809059529,51.4548943,-2.5926854,101.10094960416606,256.4155661550503,105.49842391929087,96.1166577833511,GC_Reading,96.1166577833511,GC New Rail,9.38176613593977,41.583333333333336
40,Broadland,26000,0.3545644662128259,0.460474196680825,0.1437309806210687,52.73911769999999,1.2409416,145.9329202488752,369.72027407093896,160.86473996586065,160.86473996586065,GC_Direct,145.9329202488752,GC Car,0.0,0.11666666666666667
41,Bromley,329000,0.3611327540006355,0.2578359527507358,0.3311373968002468,51.4063204,0.0186804,59.30053932475653,141.8670112946324,41.288168246223506,41.288168246223506,GC_Direct,41.288168246223506,GC Old Rail,0.0,0.0
42,Bromsgrove,22000,0.1531288153694373,0.6056221007441124,0.113864183351049,52.335589,-2.061906,101.20379581569374,258.7717684007286,135.88299305600566,126.30823355066899,GC_Reading,101.20379581569374,GC Car,9.574759505336672,25.116666666666667
43,Broxbourne,30000,0.2594890035339217,0.6938616505156447,0.0,51.74347299999999,-0.021151,46.310066398166235,109.598965574226,51.54798396108714,49.830956237972096,GC_Staines,46.310066398166235,GC Car,1.717027723115045,11.7
44,Broxtowe,32000,0.0763370091906547,0.5662537887462705,0.1383472053821996,52.9854591,-1.264754,127.11992834544002,322.4138935734217,158.2463872851339,158.2463872851339,GC_Direct,127.11992834544002,GC Car,0.0,23.7
45,Burnley,4000,0.7256104529047905,0.2743895470952095,0.0,53.7892877,-2.2405035,215.59488280245438,556.9867161005767,218.3460078498927,218.32924910587636,GC_Staines,215.59488280245438,GC Car,0.01675874401632882,13.7
46,Bury,7000,0.5271384133510778,0.2953482714611013,0.0,53.5933498,-2.2966054,199.07815115407462,512.2983706229253,194.86526168439534,192.5622394036776,GC_Staines,192.5622394036776,GC New Rail,2.3030222807177267,13.7
47,Caerphilly,26000,0.07940003516301797,0.2528829967072116,0.319602415106348,51.578829,-3.218134,135.18169633802296,345.7343141813625,132.67005326672057,122.18466037408353,GC_Reading,122.18466037408353,GC New Rail,10.485392892637037,35.583333333333336
48,Calderdale,9000,0.1097264978924105,0.0,0.4313397642505178,53.7247845,-1.8658357,197.56711655829284,505.18285903657585,210.56299514570068,210.56299514570068,GC_Direct,197.56711655829284,GC Car,0.0,0.0
49,Cambridge,419000,0.2705191082253336,0.1984649896847813,0.2730018238835777,52.1950788,0.1312729,72.45018326848216,174.1198167828421,77.28127234846043,77.28127234846043,GC_Direct,72.45018326848216,GC Car,0.0,3.7
50,Camden,1876000,0.324727926530567,0.04831142702738239,0.6122252517255552,51.5390261,-0.1425516,35.22167653467779,74.39705463998806,27.766872993612218,27.766872993612218,GC_Direct,27.766872993612218,GC Old Rail,0.0,4.333333333333333
51,Cannock Chase,6000,0.8077017138848174,0.1922982861151827,0.0,52.7183027,-1.9858812,122.5655961236214,313.2567831940975,153.66886377727567,153.66886377727567,GC_Direct,122.5655961236214,GC Car,0.0,0.0
52,Canterbury,135000,0.2019963736741271,0.3617158808451788,0.3236465619282125,51.280233,1.0789089,87.12001390132603,216.46134450890432,89.34324786687432,89.34324786687432,GC_Direct,87.12001390132603,GC Car,0.0,0.0
53,Cardiff,268000,0.07094990186935703,0.2830271748247772,0.1220972648274703,51.483707,-3.1680962,130.73985797083245,332.4320112759141,118.0155676587141,113.38079585570769,GC_Reading,113.38079585570769,GC New Rail,4.634771803006416,32.583333333333336
54,Carlisle,7000,0.0,0.07752619823101987,0.9224738017689802,54.892473,-2.932931,284.7141611406672,742.3972598022305,253.18281443239692,253.18281443239692,GC_Direct,253.18281443239692,GC Old Rail,0.0,13.7
55,Carmarthenshire,50000,0.02158651916728109,0.6048528966140733,0.09738274802014188,51.8572309,-4.311595899999999,187.64114243046353,484.1216126853506,196.17646792737992,189.98797177111828,GC_Reading,187.64114243046353,GC Car,6.188496156261635,35.583333333333336
56,Castle Point,25000,0.4051354379466261,0.4035980366702716,0.1912665253831024,51.5345547,0.5905060000000001,75.26699867036172,184.74130242221028,70.88292022212372,70.88292022212372,GC_Direct,70.88292022212372,GC Old Rail,0.0,0.11666666666666667
57,Central Bedfordshire,164000,0.2447694054242673,0.6526138732081933,0.04294644145297699,52.0029744,-0.4651388999999999,48.16017596384071,114.652832580839,74.80826478286342,74.80826478286342,GC_Direct,48.16017596384071,GC Car,0.0,0.0
58,Ceredigion,25000,0.08035587426916711,0.3562275932632066,0.04521391404684108,52.21914289999999,-3.9321256,207.40048655856612,518.5753377397958,247.88247340597067,247.88247340597067,GC_Direct,207.40048655856612,GC Car,0.0,15.7
59,Channel Islands,4000,0.3227535922822391,0.0,0.395073492545662,55.378051,-3.435973,324.5586321366998,846.8009407849659,,,,324.5586321366998,GC Car,,
60,Charnwood,85000,0.1907381492851532,0.3652410379366711,0.1681930937509686,52.7407093,-1.1451461,108.07341358209479,273.82752272000226,133.5819131526901,133.5819131526901,GC_Direct,108.07341358209479,GC Car,0.0,0.0
61,Chelmsford,117000,0.326051552241947,0.4933546856172693,0.1501871896851247,51.7355868,0.4685497,69.17284335631865,169.60014647436705,54.123001319754046,54.123001319754046,GC_Direct,54.123001319754046,GC Old Rail,0.0,0.11666666666666667
62,Cheltenham,110000,0.1731252599226268,0.4735975931472388,0.0667936370797721,51.8993855,-2.0782533,94.85523416768302,237.56374138182053,118.8339622335493,101.22297620326268,GC_Reading,94.85523416768302,GC Car,17.610986030286625,41.583333333333336
63,Cherwell,156000,0.1969953556381748,0.4588558693361755,0.03258458397204007,51.8884129,-1.2034285,52.95409608351115,129.600845061353,88.74442173748105,81.95586112382111,GC_Reading,52.95409608351115,GC Car,6.788560613659939,60.93333333333333
64,Cheshire East,34000,0.02816824261219898,0.5080802486412033,0.4637515087465977,53.1610446,-2.2185932,165.10005442782276,425.202255330056,171.24241046583865,164.990993710798,GC_Staines,164.990993710798,GC New Rail,6.251416755040651,12.7
65,Cheshire West and Chester,23000,0.05538049717165575,0.1756584802768484,0.6763207035650377,53.2302974,-2.7151117,179.84005275549185,460.7829989321854,186.8735925363964,186.8735925363964,GC_Direct,179.84005275549185,GC Car,0.0,7.7
66,Chesterfield,24000,0.07223974763717306,0.7458941644703818,0.06910361323888277,53.235048,-1.421629,143.37186737567473,367.1545577953499,153.977672208524,153.977672208524,GC_Direct,143.37186737567473,GC Car,0.0,0.11666666666666667
67,Chichester,106000,0.321960716045919,0.544092611726374,0.0603769910197183,50.83761000000001,-0.774936,67.59853039933901,162.03242876761422,96.03737865414321,60.01904224888415,GC_Woking,60.01904224888415,GC New Rail,36.01833640525906,36.81666666666667
68,Chiltern,145000,0.3934515194481532,0.4987127104077842,0.02814286532545068,51.6606074,-0.6409481,24.822765300285315,53.50082462895423,53.299709382506116,53.299709382506116,GC_Direct,24.822765300285315,GC Car,0.0,0.0
69,Chorley,5000,0.0,0.7179564071555162,0.0,53.653511,-2.632596,206.08350683081215,534.4886971572814,198.53347471250913,198.53347471250913,GC_Direct,198.53347471250913,GC Old Rail,0.0,39.7
70,City of Edinburgh,44000,0.1753296842951429,0.06690415842746862,0.6401514485601214,55.953252,-3.188267,379.98431167389236,982.6404657494764,335.3396129206373,330.43567076843095,GC_Staines,330.43567076843095,GC New Rail,4.903942152206355,1.7
71,City of London,667000,0.2927827362852616,0.05674492595462678,0.620903856291277,51.5123443,-0.0909852,32.99269291932506,63.954886737909085,29.627926206921757,29.627926206921757,GC_Direct,29.627926206921757,GC Old Rail,0.0,2.1
72,Clackmannanshire,1000,1.0,0.0,0.0,56.1075351,-3.7529409,388.0733802917227,1016.8455204237025,387.3498985440956,387.3498985440956,GC_Direct,387.3498985440956,GC Old Rail,0.0,0.0
73,Colchester,125000,0.1747713209257945,0.4584358187576608,0.2211913051723375,51.895927,0.8918740000000001,92.15521212854563,230.207778397948,77.09151995477649,77.09151995477649,GC_Direct,77.09151995477649,GC Old Rail,0.0,19.85
74,Conwy,5000,0.0,0.2503210310085306,0.7496789689914694,53.282872,-3.82948,231.636057609551,602.2683565644022,214.2023447535371,214.2023447535371,GC_Direct,214.2023447535371,GC Old Rail,0.0,7.7
75,Copeland,2000,0.0,0.0,1.0,54.4305545,-3.389242,290.242595740289,742.0106348122068,,,,290.242595740289,GC Car,,
76,Corby,15000,0.1008755129191093,0.6791262224833274,0.1516474998097903,52.49229829999999,-0.6842332999999999,93.13327366124713,229.43146795207446,99.67021546717598,99.67021546717598,GC_Direct,93.13327366124713,GC Car,0.0,0.0
77,Cornwall,221000,0.1291128744527651,0.4420198140700234,0.1719621234302626,50.26604709999999,-5.0527125,233.794889388184,599.9587161743201,262.26572615759915,235.86007012547253,GC_Reading,233.794889388184,GC Car,26.405656032126615,46.583333333333336
78,Cotswold,99000,0.1386844731652863,0.719341861802367,0.02212374696152242,51.794968,-1.8838937,85.63391945096606,215.10489264494623,143.170954660484,119.2308081358932,GC_Reading,85.63391945096606,GC Car,23.9401465245908,43.11666666666667
79,County Durham,50000,0.1370730556462321,0.2634949107170306,0.4970922087209008,54.7294099,-1.8811598,254.54255630038736,653.2485376343506,256.60443229602373,256.60443229602373,GC_Direct,254.54255630038736,GC Car,0.0,1.7
80,Coventry,200000,0.1246710279566404,0.2753634744553919,0.2054168323010182,52.4128163,-1.5089521,92.33017712869506,235.1338177515591,97.49031794015276,90.45656075377912,GC_Reading,90.45656075377912,GC New Rail,7.0337571863736486,42.11666666666667
81,Craven,5000,0.0,0.1817968243536349,0.818203175646365,54.1091134,-2.1562821,247.05456919024635,630.7360007087572,,,,247.05456919024635,GC Car,,
82,Crawley,474000,0.3280865174004172,0.1164927266799329,0.1011144726155804,51.1091401,-0.1872275,45.509392938197756,108.58657364581705,47.96873587487928,47.207889552248126,GC_Staines,45.509392938197756,GC Car,0.7608463226311528,9.483333333333333
83,Croydon,337000,0.4072137240339376,0.3544992432141592,0.1315759913811389,51.3769529,-0.0956895,46.16307644237844,105.90312640074647,38.9212843015127,28.10495782503544,GC_Staines,28.10495782503544,GC New Rail,10.816326476477258,24.583333333333332
84,Dacorum,148000,0.3134246831533529,0.5590963829429482,0.03522255047222941,51.74563699999999,-0.4993067999999999,28.497675500256726,64.83677227284674,43.87533655399508,43.87533655399508,GC_Direct,28.497675500256726,GC Car,0.0,0.11666666666666667
85,Darlington,12000,0.2080550554575685,0.1811238663014633,0.6108210782409682,54.52361,-1.559458,236.172547543569,609.0507410887492,208.07169026462566,208.07169026462566,GC_Direct,208.07169026462566,GC Old Rail,0.0,0.0
86,Dartford,68000,0.2550534424858359,0.4877867983044255,0.2408365266374318,51.44621,0.216872,57.371311902121136,140.15509842330374,58.05078934747978,56.12833189573942,GC_Staines,56.12833189573942,GC New Rail,1.9224574517403568,28.7
87,Daventry,30000,0.1990908218836369,0.6662985874760383,0.1055327185442262,52.25602749999999,-1.1625942,78.1575424813655,193.57954963957943,110.21561581820139,102.22282522046123,GC_Reading,78.1575424813655,GC Car,7.992790597740154,43.583333333333336
88,Denbighshire,3000,0.0,0.0,0.3110009402606266,53.1842288,-3.4224985,221.68704176451516,574.9509648634254,222.80259524122707,222.80259524122707,GC_Direct,221.68704176451516,GC Car,0.0,7.7
89,Derby,55000,0.0084346024655129,0.778327824693887,0.1014966659959841,52.9225301,-1.4746186,124.94850499935217,317.59925375349985,133.17991207745268,133.17991207745268,GC_Direct,124.94850499935217,GC Car,0.0,44.583333333333336
90,Derbyshire Dales,8000,0.0,0.3954223585108982,0.6045776414891019,53.1632937,-1.6699826,154.85530444320185,390.18364649646594,186.3177480980514,186.3177480980514,GC_Direct,154.85530444320185,GC Car,0.0,21.116666666666667
91,Doncaster,47000,0.2970550566825648,0.2933016432322795,0.3491351746982724,53.52282,-1.128462,164.75642616763633,421.409574663293,148.04698016366595,148.04698016366595,GC_Direct,148.04698016366595,GC Old Rail,0.0,0.0
92,Dorset,231000,0.1872336905641536,0.5068242956279704,0.06401545361933395,50.7487635,-2.3444786,104.49781219576565,263.02271495093237,149.92235958525342,125.5703626652242,GC_Woking,104.49781219576565,GC Car,24.351996920029222,23.816666666666666
93,Dover,88000,0.197919256975073,0.4610862892853306,0.2546298052390448,51.1278758,1.3134027,98.19979405771983,248.2550253947897,95.28742595412422,95.28742595412422,GC_Direct,95.28742595412422,GC Old Rail,0.0,0.0
94,Dudley,38000,0.129049563557547,0.5650594027644436,0.08620890733517175,52.512255,-2.081112,115.19707401283411,293.154374521117,140.37661422583267,125.66199270713015,GC_Reading,115.19707401283411,GC Car,14.714621518702515,25.116666666666667
95,Dumfries and Galloway,6000,0.7101645613533432,0.0,0.135976251732826,55.0701073,-3.6052581,314.23768444484494,819.444584167713,292.30325390692315,292.30325390692315,GC_Direct,292.30325390692315,GC Old Rail,0.0,14.7
96,Dundee City,4000,0.0,0.0,0.0,56.462018,-2.970721,434.87994002876167,1138.1527313593695,380.654427948915,380.654427948915,GC_Direct,380.654427948915,GC Old Rail,0.0,0.11666666666666667
97,Ealing,1235000,0.3490949580515607,0.2221431645505839,0.3833340452685548,51.5132537,-0.3043136,20.46053557988185,40.95059299472272,14.144595357763595,14.144595357763595,GC_Direct,14.144595357763595,GC Old Rail,0.0,0.0
98,East Cambridgeshire,46000,0.1595535435607273,0.5479732410665459,0.1166125964778693,52.4036809,0.2428121,90.34379284098242,220.75024455410707,107.13276868055543,107.13276868055543,GC_Direct,90.34379284098242,GC Car,0.0,3.7
99,East Devon,84000,0.100764162738726,0.4399241911871814,0.06682616350181861,50.75859699999999,-3.2591051,143.18255698736215,360.26393817468124,165.94505142793273,150.85677097393267,GC_Woking,143.18255698736215,GC Car,15.088280454000056,48.8
100,East Hampshire,107000,0.2563054760766324,0.7167603920127433,0.0,51.1187851,-0.8749889999999999,40.83460298829282,94.09159094608918,63.14138384987401,49.147149055737344,GC_Woking,40.83460298829282,GC Car,13.994234794136666,43.81666666666667
101,East Hertfordshire,87000,0.1873460621940751,0.5858979891933331,0.1414640303157086,51.8945409,-0.0475868,51.944579330431104,120.84634962135783,,,,51.944579330431104,GC Car,,
102,East Lindsey,22000,0.2386685812244527,0.5915196609707167,0.1225463569204487,53.30423649999999,0.100202,155.09777654881992,382.5766797016652,220.27807987389184,220.27807987389184,GC_Direct,155.09777654881992,GC Car,0.0,0.7
103,East Lothian,9000,0.2632193400445069,0.0,0.4362823527312188,55.9493383,-2.7704464,365.31618939992046,944.5583327630384,331.9549041919545,331.9549041919545,GC_Direct,331.9549041919545,GC Old Rail,0.0,0.0
104,East Northamptonshire,35000,0.0766174498168965,0.874020416137204,0.04936213404589958,52.4883422,-0.459232,94.91095895787925,236.63362290707585,121.5988527040319,113.4506659345227,GC_Staines,94.91095895787925,GC Car,8.148186769509195,0.11666666666666667
105,East Riding of Yorkshire,26000,0.01750273697362168,0.4799625415986039,0.5025347214277744,53.8416168,-0.4344106,201.9608988118901,516.7340312761302,231.38669074665737,210.5381144066672,GC_Staines,201.9608988118901,GC Car,20.84857633999016,1.9666666666666666
106,East Staffordshire,9000,0.1539745909328579,0.6794588543766253,0.1665665546905167,52.838654,-1.8285789,132.11185984057892,333.6081502453411,,,,132.11185984057892,GC Car,,
107,East Suffolk,80000,0.2053088956537173,0.4835889505480959,0.2118470911683383,52.1872472,0.9707800999999999,116.1534216921258,295.1086903115599,115.11207681270238,115.11207681270238,GC_Direct,115.11207681270238,GC Old Rail,0.0,0.11666666666666667
108,Eastbourne,42000,0.1838741317683772,0.3719714841478,0.07768518228254616,50.768035,0.290472,85.89614393080679,210.95180774330137,93.53991371896498,84.46681032076901,GC_Staines,84.46681032076901,GC New Rail,9.073103398195968,16.483333333333334
109,Eastleigh,58000,0.243789457023856,0.5838704688667841,0.03883577383246294,50.967182,-1.374688,59.16124770021524,146.26707555511229,70.20717572490604,52.43347791633929,GC_Woking,52.43347791633929,GC New Rail,17.773697808566745,39.86666666666667
110,Eden,3000,0.0,0.5451007289908915,0.4548992710091085,54.6673412,-2.6962179,268.8603403081097,700.7240453051895,289.195707560374,289.195707560374,GC_Direct,268.8603403081097,GC Car,0.0,0.0
111,Elmbridge,295000,0.4876703012630976,0.4860737360695057,0.006841935406837888,51.3673135,-0.3983625,21.385099852912518,43.143602717440835,37.95868770737802,24.208297492312113,GC_Woking,21.385099852912518,GC Car,13.750390215065906,26.533333333333335
112,Enfield,272000,0.2956024725329733,0.3272501955087003,0.3705727171383176,51.6522994,-0.0807119,41.27635123129155,96.72140758979879,44.42174229083574,44.42174229083574,GC_Direct,41.27635123129155,GC Car,0.0,0.0
113,Epping Forest,95000,0.3617184971962495,0.334430253295897,0.2876089345589047,51.6570766,0.0412824,46.63575439587238,112.65927273258187,55.59648885685512,55.59648885685512,GC_Direct,46.63575439587238,GC Car,0.0,1.6333333333333333
114,Epsom and Ewell,102000,0.4278748183501341,0.5006968554589327,0.01693583154413635,51.3362231,-0.2688232,29.96521228724005,65.90512181536961,38.08809026819631,37.72454053060346,GC_Staines,29.96521228724005,GC Car,0.36354973759284803,24.583333333333332
115,Erewash,19000,0.06192289332151452,0.7860044034778874,0.06291617882091192,52.931125,-1.3255597,120.89233802262892,306.9536992017459,156.72486047746665,156.72486047746665,GC_Direct,120.89233802262892,GC Car,0.0,5.05
116,Exeter,116000,0.06659283019238471,0.2496749219013982,0.2669878979112013,50.72603669999999,-3.5274889,153.78035164581416,387.0278835533042,155.89763219403594,130.7706273573178,GC_Reading,130.7706273573178,GC New Rail,25.12700483671813,52.583333333333336
117,Falkirk,4000,0.0,0.0,0.5596861213125135,56.00187750000001,-3.7839131,381.7837636422536,998.9906658506123,353.13310426093983,353.13310426093983,GC_Direct,353.13310426093983,GC Old Rail,0.0,1.7
118,Fareham,78000,0.1882262884651605,0.5915595449229839,0.0,50.8548464,-1.1865868,74.17575056200526,186.01439932485215,75.4124979420772,60.871950282073854,GC_Woking,60.871950282073854,GC New Rail,14.540547660003341,37.81666666666667
119,Fenland,24000,0.1868123105809994,0.7754938654395028,0.03769382397949769,52.54748360000001,0.0873357,100.60589381445129,247.2130054254223,115.6275562890238,115.6275562890238,GC_Direct,100.60589381445129,GC Car,0.0,0.0
120,Fife,1000,0.0,0.0,0.0,56.2082078,-3.1495175,413.42823090269184,1083.0816217337158,380.06339925405996,380.06339925405996,GC_Direct,380.06339925405996,GC Old Rail,0.0,0.11666666666666667
121,Flintshire,7000,0.2048479121822367,0.3204009188370101,0.2204856781335529,53.1668658,-3.1418908,202.76702011255463,525.436225501099,188.82033678216678,188.82033678216678,GC_Direct,188.82033678216678,GC Old Rail,0.0,7.7
122,Folkestone and Hythe,53000,0.1866889629550865,0.3668009675507934,0.292680588974464,51.0832153,1.1706631,91.17251114181549,230.39932213265647,93.6392254783028,93.6392254783028,GC_Direct,91.17251114181549,GC Car,0.0,0.0
123,Forest of Dean,54000,0.07678376633269265,0.3997058177518873,0.0617410054855746,51.7999835,-2.5519169,114.72031647886354,287.74280457957565,157.9526055736479,140.62004967265094,GC_Reading,114.72031647886354,GC Car,17.332555900996965,13.183333333333334
124,Fylde,4000,0.0,1.0,0.0,53.7669515,-2.9030322,219.95743564332665,569.2341497000207,210.24339547761224,210.24339547761224,GC_Direct,210.24339547761224,GC Old Rail,0.0,13.7
125,Gateshead,11000,0.1162678990399707,0.3176690634258877,0.3794930992992722,54.95268,-1.603411,265.5778523593053,685.0592913342889,243.10254133169414,238.69042112504715,GC_Staines,238.69042112504715,GC New Rail,4.412120206646989,1.7
126,Gedling,13000,0.3875456305312958,0.4591752088077586,0.09166784131828863,52.97345499999999,-1.0800559,130.86402527153612,327.0048643732797,149.28771255052442,149.28771255052442,GC_Direct,130.86402527153612,GC Car,0.0,3.7
127,Glasgow City,39000,0.2540178482096526,0.2854535620901222,0.3688692181188725,55.86167039999999,-4.2583345,370.4210835468288,970.3239648522087,338.4941657393905,338.4941657393905,GC_Direct,338.4941657393905,GC Old Rail,0.0,0.0
128,Gloucester,91000,0.06693762133456856,0.6076298541971236,0.03976639793058209,51.8642449,-2.238156,97.92553200396026,245.74139751404516,114.10784164138329,92.08552991695674,GC_Reading,92.08552991695674,GC New Rail,22.022311724426544,41.583333333333336
129,Gosport,29000,0.302586352574296,0.5387058279308665,0.0,50.800482,-1.1409959,78.61912358595634,195.65653333156635,79.01436694414883,64.13414067419758,GC_Woking,64.13414067419758,GC New Rail,14.880226269951251,38.81666666666667
130,Gravesham,51000,0.2306260514796575,0.6693133833320141,0.1000605651883285,51.44188399999999,0.370759,62.39597908491835,153.30714328887774,49.49999270106527,49.49999270106527,GC_Direct,49.49999270106527,GC Old Rail,0.0,0.0
131,Great Yarmouth,18000,0.2679028833251875,0.5258595086774467,0.07973467785425943,52.598233,1.728047,154.3481433704838,394.93773599851767,160.00665036795507,160.00665036795507,GC_Direct,154.3481433704838,GC Car,0.0,0.11666666666666667
132,Greenwich,384000,0.3178765990883544,0.1072424589537704,0.488020160689971,51.4933675,0.0098214,66.60353283835873,164.52938691518526,37.3746732221972,37.3746732221972,GC_Direct,37.3746732221972,GC Old Rail,0.0,17.7
133,Guildford,339000,0.4783480388421713,0.443422466198381,0.009189837472044882,51.23622,-0.570409,27.81919027266927,60.85006939081709,24.90018631916545,14.246386498485013,GC_Woking,14.246386498485013,GC New Rail,10.653799820680437,38.81666666666667
134,Gwynedd,9000,0.5052839200004267,0.1419009955047627,0.09035772646230783,52.9277266,-4.1334836,228.63191073494366,580.2524508321264,289.5269849895813,277.5870186664572,GC_Reading,228.63191073494366,GC Car,11.93996632312411,35.8
135,Hackney,459000,0.2888261949734675,0.03500237942603323,0.6588120443338515,51.5436387,-0.0553621,61.90828684777452,150.92704236245757,37.173068930598994,37.173068930598994,GC_Direct,37.173068930598994,GC Old Rail,0.0,14.916666666666666
136,Halton,4000,0.0,1.0,0.0,53.33172099999999,-2.695822,183.243205581735,473.9242686262129,179.17237157070593,179.17237157070593,GC_Direct,179.17237157070593,GC Old Rail,0.0,7.7
137,Hambleton,18000,0.04983015615169459,0.5563397649110813,0.3938300789372241,52.65709400000001,-0.666149,110.61891520720583,276.5231859020248,146.6613333700246,146.6613333700246,GC_Direct,110.61891520720583,GC Car,0.0,0.0
138,Hammersmith and Fulham,1180000,0.3931230311205344,0.0784278695962399,0.5098983399997066,51.5000049,-0.2378535,20.817429826637365,42.21311998533596,23.737622241066124,23.737622241066124,GC_Direct,20.817429826637365,GC Car,0.0,0.0
139,Harborough,41000,0.2921076444746066,0.562614185171158,0.1011051807472837,52.5708762,-0.9346458,101.00431774711235,248.98060429936362,,,,101.00431774711235,GC Car,,
140,Haringey,375000,0.2954354136564734,0.1226180229571532,0.5731709406980956,51.59052699999999,-0.1033379,38.09329906358819,81.83508078777326,35.615087169708964,35.615087169708964,GC_Direct,35.615087169708964,GC Old Rail,0.0,0.8166666666666667
141,Harlow,46000,0.1199628241546044,0.5940590536537178,0.2859781221916779,51.767787,0.087806,54.97771019262671,132.2931910729876,52.51896956578551,52.51896956578551,GC_Direct,52.51896956578551,GC Old Rail,0.0,11.116666666666667
142,Harrogate,26000,0.1095161635560543,0.4337446488285377,0.2553840466441523,53.99212,-1.541812,205.53304906589406,521.8115278211602,195.2878514077859,195.2878514077859,GC_Direct,195.2878514077859,GC Old Rail,0.0,9.7
143,Harrow,510000,0.5406390320087331,0.3361936032002044,0.09965805266864301,51.5805011,-0.3421192,23.942840779492542,49.325739980407214,36.262239125395205,32.8851002757916,GC_Uxbridge,23.942840779492542,GC Car,3.377138849603604,1.1166666666666667
144,Hart,141000,0.3016081589263752,0.6429838580504088,0.01349710129544693,51.3016959,-0.8929571000000001,30.11626453984484,68.6266414645469,56.83989882362285,43.04229888236161,GC_Woking,30.11626453984484,GC Car,13.797599941261247,37.81666666666667
145,Hartlepool,6000,0.0,0.0,1.0,54.691745,-1.212926,249.4821935456466,642.6583123272591,264.7222437753485,264.7222437753485,GC_Direct,249.4821935456466,GC Car,0.0,3.7
146,Hastings,45000,0.0206690007451952,0.785274750437835,0.1115045206958218,50.854259,0.573453,85.79657535314354,209.1379724476046,103.04500843539206,95.27796946195302,GC_Staines,85.79657535314354,GC Car,7.767038973439043,11.116666666666667
147,Havant,68000,0.4175639193113619,0.4109690164126306,0.04582832817294139,50.8518324,-0.9847131999999998,63.13222590201967,154.27189682301835,62.78133735003028,48.23252290737068,GC_Woking,48.23252290737068,GC New Rail,14.548814442659598,36.81666666666667
148,Havering,151000,0.2844377174309972,0.3795538862522424,0.3018342599088445,51.577924,0.2120829,59.68658006121866,145.0566895470949,45.16581058456232,45.16581058456232,GC_Direct,45.16581058456232,GC Old Rail,0.0,7.7
149,"Herefordshire, County of",41000,0.1024052051221503,0.5072157744273578,0.2089600600109076,52.0765164,-2.6544182,125.22896974937888,313.45788035869697,168.6081294291143,142.76783154714946,GC_Reading,125.22896974937888,GC Car,25.840297881964858,49.583333333333336
150,Hertsmere,107000,0.4009909719246273,0.4114883345347397,0.1111529184048417,51.6619501,-0.3075666,31.006679403161424,69.24657898932719,56.16594361696791,54.30933678919873,GC_Uxbridge,31.006679403161424,GC Car,1.856606827769177,9.416666666666666
151,High Peak,7000,0.0,0.18577762770832,0.4996475925265231,53.3325341,-1.8876721,169.86618333607032,427.90622770208375,202.32871533396667,202.32871533396667,GC_Direct,169.86618333607032,GC Car,0.0,20.933333333333334
152,Highland,5000,0.0,0.524826294578334,0.2055108227797081,57.4595749,-4.2263955,518.5687584028732,1354.45099273496,512.1185016797037,512.1185016797037,GC_Direct,512.1185016797037,GC Old Rail,0.0,0.0
153,Hillingdon,1524000,0.3455900578280055,0.3016552672154574,0.0959260200217752,51.5351832,-0.4481378,13.781756723974619,24.235239518163546,21.06052655870916,12.630546456289842,GC_Uxbridge,12.630546456289842,GC New Rail,8.429980102419318,25.516666666666666
154,Hinckley and Bosworth,18000,0.2115619487529549,0.5613629914451944,0.101858481073524,52.6302593,-1.4115209,110.64462242644467,277.0338869696736,147.89118462973457,143.61723395028048,GC_Staines,110.64462242644467,GC Car,4.273950679454089,0.0
155,Horsham,83000,0.3258161209249489,0.5616740730423346,0.01750978926651652,51.062883,-0.325858,45.80065995122406,105.16390699659672,59.32614410482025,55.444635692655005,GC_Staines,45.80065995122406,GC Car,3.881508412165246,26.033333333333335
156,Hounslow,1103000,0.3877541276687793,0.276436397653358,0.2295510913572945,51.4704124,-0.3633719,16.54837500185902,30.582418149981855,10.803422534198674,10.803422534198674,GC_Direct,10.803422534198674,GC Old Rail,0.0,2.8666666666666667
157,Huntingdonshire,105000,0.225714494648124,0.47166101273535,0.2388152899447285,52.33146,-0.182552,78.39634500348772,191.3159704400021,78.7246696879913,78.7246696879913,GC_Direct,78.39634500348772,GC Car,0.0,13.7
158,Ipswich,87000,0.1983708845721039,0.3154867170902717,0.1536453383179815,52.0596687,1.1480867,107.60261697680707,269.6791669910986,93.18659509725195,93.18659509725195,GC_Direct,93.18659509725195,GC Old Rail,0.0,12.7
159,Isle of Anglesey,2000,0.0,1.0,0.0,53.265325,-4.429140299999999,260.37150418845414,677.328177110273,269.84347376294033,269.84347376294033,GC_Direct,260.37150418845414,GC Car,0.0,1.8166666666666667
160,Isle of Wight,63000,0.4380180034840545,0.2516147388560836,0.0,50.69384789999999,-1.304734,97.64685365636788,217.32001843199018,110.47383408621427,94.95103487135657,GC_Woking,94.95103487135657,GC New Rail,15.522799214857699,38.81666666666667
161,Isles of Scilly,1000,0.0,1.0,0.0,49.9232519,-6.2965725,,,410.16808736554253,410.16808736554253,GC_Direct,410.16808736554253,GC Old Rail,0.0,0.0
162,Islington,895000,0.3328049273973094,0.04005019322242118,0.6217141396429996,51.538621,-0.1028346,37.433665779805004,77.99500707499435,37.56100040021874,37.08797067420694,GC_Staines,37.08797067420694,GC New Rail,0.47302972601179505,11.516666666666667
163,Kensington and Chelsea,2296000,0.3920589485562356,0.06246672313205943,0.5123446427671033,51.4990805,-0.1938253,22.832648123541713,46.72978732346218,25.26706099255747,25.26706099255747,GC_Direct,22.832648123541713,GC Car,0.0,0.0
164,Kettering,48000,0.09487473972505786,0.8011574737374066,0.08902138799846601,52.396322,-0.7302489999999999,83.85377585256664,206.470480215846,87.07432666074668,87.07432666074668,GC_Direct,83.85377585256664,GC Car,0.0,0.0
165,King's Lynn and West Norfolk,23000,0.2712770551391485,0.4350321947018574,0.1716705782128609,52.78739299999999,0.493615,132.5462390073792,332.7293152995238,138.50423394063623,138.50423394063623,GC_Direct,132.5462390073792,GC Car,0.0,3.7
166,"Kingston upon Hull, City of",17000,0.04357319884715598,0.3263119485340448,0.5447648882190902,53.7452888,-0.33657,205.46784962193175,527.5914369310151,198.96673522545447,198.6381588106448,GC_Staines,198.6381588106448,GC New Rail,0.3285764148096746,3.7
167,Kingston upon Thames,410000,0.5272392951348988,0.2666652077793019,0.07456517811586266,51.41233,-0.300689,25.868975470367857,53.83819763597613,23.10853651526332,22.549490298223578,GC_Staines,22.549490298223578,GC New Rail,0.559046217039743,13.666666666666666
168,Kirklees,19000,0.2377414023600631,0.3190662490552219,0.4012617411394377,53.5933432,-1.8009509,183.8392539038215,466.98985477125785,210.3668299428984,210.3668299428984,GC_Direct,183.8392539038215,GC Car,0.0,0.0
169,Knowsley,11000,0.4862733260516213,0.1874233013473105,0.3263033726010683,53.454594,-2.852907,194.84651207105645,505.99245015747704,200.64166212242412,200.61175259578192,GC_Staines,194.84651207105645,GC Car,0.029909526642200035,13.7
170,Lambeth,904000,0.3545629531406693,0.09979421642090104,0.4961963761266562,51.4935082,-0.1178424,29.89280469090556,59.47929480486533,34.59081220688559,28.834848212704376,GC_Staines,28.834848212704376,GC New Rail,5.7559639941812115,22.85
171,Lancaster,7000,0.0,0.4314225698202545,0.5685774301797455,54.0449072,-2.799346700000001,225.56562421001948,583.8333780718511,205.64075684695092,204.4423305916976,GC_Staines,204.4423305916976,GC New Rail,1.1984262552533096,13.7
172,Leeds,154000,0.2226798511073572,0.2461357944461956,0.3374247568186577,53.8007554,-1.5490774,188.28877863857582,482.7098903986763,174.77627700369982,174.77627700369982,GC_Direct,174.77627700369982,GC Old Rail,0.0,0.0
173,Leicester,242000,0.2510748233227661,0.4025066800604226,0.09406684524093643,52.6368778,-1.1397592,101.81342209573778,254.26470958004813,108.8593659420149,108.8593659420149,GC_Direct,101.81342209573778,GC Car,0.0,19.483333333333334
174,Lewes,40000,0.454270535252314,0.2164975008380784,0.1672296697536521,50.87387200000001,0.00878,70.36943079985257,174.79326976489412,78.74891819864568,69.67512590189503,GC_Staines,69.67512590189503,GC New Rail,9.073792296750653,14.483333333333333
175,Lewisham,369000,0.3371623445565651,0.1826114315551788,0.4673654667008125,51.46115090000001,-0.0073177,41.0973575343041,79.03973204807996,40.87322198022072,38.53777993254512,GC_Staines,38.53777993254512,GC New Rail,2.335442047675599,28.7
176,Lichfield,14000,0.09577475572403027,0.7429745970584457,0.161250647217524,52.681602,-1.831672,116.49764991681103,296.7763921341176,144.51652875386756,124.54890769319395,GC_Staines,116.49764991681103,GC Car,19.967621060673608,2.1166666666666667
177,Lincoln,49000,0.1031048649574546,0.4438067114743438,0.353509276171862,52.9451889,-0.1601246,124.437326735265,309.1229842097577,145.69647754885332,145.69647754885332,GC_Direct,124.437326735265,GC Car,0.0,3.7
178,Liverpool,64000,0.2573697979074016,0.1867623311781634,0.3988522001897434,53.4083714,-2.9915726,199.46277796483037,513.1381455068041,178.63224751974278,178.63224751974278,GC_Direct,178.63224751974278,GC Old Rail,0.0,7.7
179,Luton,184000,0.2721063241411896,0.500959235338181,0.1220762344936331,51.8786707,-0.4200255,37.613876485799125,88.32184869801036,55.91370677582155,55.91370677582155,GC_Direct,37.613876485799125,GC Car,0.0,0.0
180,Maidstone,93000,0.2164520903165038,0.6433239606037087,0.1402239490797876,51.2704083,0.5227244999999999,62.10938583867673,153.15578871190428,72.31219573741659,70.26992037515885,GC_Staines,62.10938583867673,GC Car,2.0422753622577403,17.7
181,Maldon,28000,0.03576668389119758,0.6872943130422906,0.2489784816905389,51.73180499999999,0.6714479999999999,77.71564998724834,191.07270256780933,76.77246824524865,76.77246824524865,GC_Direct,76.77246824524865,GC Old Rail,0.0,7.7
182,Malvern Hills,19000,0.1597750986196132,0.5570480561451792,0.2027184492280575,52.1893836,-2.3369784,123.74791314273415,315.7924195863695,145.83360188332406,127.58471598215087,GC_Reading,123.74791314273415,GC Car,18.248885901173196,53.583333333333336
183,Manchester,37000,0.209478797931042,0.2951957772517108,0.3233101880557765,53.4807593,-2.2426305,188.58670502858996,483.6196551820691,166.51338624808002,166.51338624808002,GC_Direct,166.51338624808002,GC Old Rail,0.0,8.7
184,Mansfield,14000,0.1359404130561285,0.4161361912207348,0.3887765300756003,53.147195,-1.198674,138.72542728884113,350.4252421197657,161.1199798610377,161.1199798610377,GC_Direct,138.72542728884113,GC Car,0.0,9.7
185,Medway,117000,0.2078281945218503,0.5733718263990862,0.1970708905206768,51.4047432,0.5417860999999999,69.52782772030267,172.51813679110185,73.9791824870089,72.33406900974998,GC_Staines,69.52782772030267,GC Car,1.645113477258917,13.7
186,Melton,13000,0.07526006993405827,0.6061420491115341,0.3185978809544076,52.82827839999999,-0.8432685,124.89281457282463,315.05423913196074,,,,124.89281457282463,GC Car,,
187,Mendip,62000,0.1820389899359439,0.4507872784930916,0.1339880298107436,51.1941742,-2.5228191,105.15831062987088,261.339387344549,125.92049371433356,125.39049309049771,GC_Reading,105.15831062987088,GC Car,0.5300006238358463,40.583333333333336
188,Merthyr Tydfil,1000,0.0,0.0,0.0,51.74872999999999,-3.381646,148.0012036121342,379.1567332081177,152.59372514042363,148.92302087825882,GC_Reading,148.0012036121342,GC Car,3.6707042621648043,33.583333333333336
189,Merton,429000,0.5107371515800032,0.1999880190900981,0.2378436354076933,51.4097742,-0.2108084,32.212205045148345,72.18036155651328,40.05815738109593,30.184565436397435,GC_Staines,30.184565436397435,GC New Rail,9.873591944698497,26.75
190,Mid Devon,25000,0.2556236469003793,0.3338368817463799,0.225836650934378,50.9190318,-3.4746216,160.13102571874887,414.33868600184627,189.1339668760561,143.76033530672552,GC_Reading,143.76033530672552,GC New Rail,45.37363156933057,53.583333333333336
191,Mid Suffolk,37000,0.1552620581265213,0.47022045347452,0.1632606762693327,52.27137700000001,1.0721487,121.9115657243445,306.93765157320183,131.48702781606397,131.48702781606397,GC_Direct,121.9115657243445,GC Car,0.0,0.11666666666666667
192,Mid Sussex,80000,0.3652069016451895,0.2838601668713457,0.117401836453085,51.0331579,-0.1154553,49.47218891719854,119.54633856860843,103.94584354439984,93.73609106083548,GC_Staines,49.47218891719854,GC Car,10.209752483564358,0.55
193,Middlesbrough,16000,0.0,0.1335178872696776,0.8664821127303225,54.574227,-1.234956,238.50145701707189,614.7941937911534,225.8961811418008,225.6968126583052,GC_Staines,225.6968126583052,GC New Rail,0.19936848349561842,2.7
194,Milton Keynes,297000,0.3728833786653202,0.480783167222159,0.08990559618989631,52.0406224,-0.7594171,58.023703026252,140.050152999533,72.77852933454075,61.746437568540614,GC_Uxbridge,58.023703026252,GC Car,11.032091766000136,18.7
195,Mole Valley,119000,0.3234976555024753,0.6255234367258155,0.03119080514102575,51.234566,-0.3264952,30.85810866691226,69.74249046317657,46.29619876316277,38.02088973315943,GC_Woking,30.85810866691226,GC Car,8.275309030003342,51.483333333333334
196,Monmouthshire,35000,0.07049195492803796,0.7078379269899948,0.08710877719431914,51.81160999999999,-2.7163417,123.43320034644924,311.11556019582855,147.81126617299063,140.56545105581392,GC_Reading,123.43320034644924,GC Car,7.245815117176704,30.583333333333332
197,Moray,0,0.0,0.0,1.0,57.64984759999999,-3.3168039,535.1603837711431,1393.16300099311,551.9785381337064,551.9785381337064,GC_Direct,535.1603837711431,GC Car,0.0,0.0
198,Na h-Eileanan Siar,2000,0.0,1.0,0.0,57.75989180000001,-7.0194035,675.2452704146212,1691.8296839008954,921.4877768817673,921.4877768817673,GC_Direct,675.2452704146212,GC Car,0.0,
199,Neath Port Talbot,26000,0.0,0.4059404174458884,0.09115420404048602,51.691743,-3.7346728,166.22208794464333,427.49480284640435,171.8502711577319,165.39236404410047,GC_Reading,165.39236404410047,GC New Rail,6.457907113631421,35.583333333333336
200,New Forest,126000,0.1924704269938335,0.5192975743466994,0.03651062449321435,50.8758752,-1.6327718,73.85166108663394,184.54497822285128,,,,73.85166108663394,GC Car,,
201,Newark and Sherwood,29000,0.0,0.2762144094574647,0.7237855905425354,53.08509429999999,-0.952234,136.6159491710901,343.8081192532356,156.96402695038344,156.96402695038344,GC_Direct,136.6159491710901,GC Car,0.0,0.0
202,Newcastle upon Tyne,16000,0.1564972600749001,0.1396555136349076,0.6459438497526798,54.978252,-1.61778,270.83915834836097,698.4759554204527,234.26745298027564,230.78629283344674,GC_Staines,230.78629283344674,GC New Rail,3.4811601468288984,2.7
203,Newcastle-under-Lyme,13000,0.2257532285432131,0.5728376634823679,0.09465232546506214,53.013208,-2.2273002,148.01501229042097,380.29348918156893,148.70156966736994,148.70156966736994,GC_Direct,148.01501229042097,GC Car,0.0,8.7
204,Newham,456000,0.3052061588669899,0.1496436904044937,0.5198425827538247,51.5259127,0.0293731,62.2215741110589,152.361411559951,37.804934575419985,37.804934575419985,GC_Direct,37.804934575419985,GC Old Rail,0.0,17.4
205,Newport,76000,0.0694579899116169,0.4941919601414226,0.03288188007965686,51.584151,-2.997664,119.2064718342117,304.15141448150814,104.97358232377074,100.0091209398594,GC_Reading,100.0091209398594,GC New Rail,4.964461383911342,33.583333333333336
206,North Ayrshire,3000,0.0,0.7187518087678028,0.2812481912321972,55.6416731,-4.75946,398.67171145640043,1041.7026707316315,367.68439097027164,367.68439097027164,GC_Direct,367.68439097027164,GC Old Rail,0.0,20.566666666666666
207,North Devon,38000,0.274711041996767,0.4838528088580757,0.06802280589704832,51.0729874,-3.8918711,184.2200553744941,473.7707096799859,255.1014659639589,230.27315027318477,GC_Reading,184.2200553744941,GC Car,24.828315690774133,41.11666666666667
208,North East Derbyshire,20000,0.06926014805117965,0.8086778233550381,0.05346388862354808,53.1878221,-1.4403714,146.5634763812409,372.8867884222018,176.20031217819246,176.20031217819246,GC_Direct,146.5634763812409,GC Car,0.0,12.7
209,North East Lincolnshire,14000,0.0,0.4641154577231019,0.5358845422768981,53.5668201,-0.08150660000000001,188.64234294227415,478.3879274676076,190.51777094491663,190.51777094491663,GC_Direct,188.64234294227415,GC Car,0.0,0.0
210,North Hertfordshire,106000,0.2280734583491944,0.5423539727106641,0.2007694587578392,51.9578206,-0.2149955,49.684251400402516,117.89863617925596,72.27904850212765,72.27904850212765,GC_Direct,49.684251400402516,GC Car,0.0,13.7
211,North Kesteven,9000,0.0,0.5094132637151548,0.2661590533475141,53.0880498,-0.4489081999999999,135.72916374940993,341.2154612378214,150.40517987093617,150.40517987093617,GC_Direct,135.72916374940993,GC Car,0.0,0.0
212,North Lanarkshire,1000,0.0,1.0,0.0,55.8662432,-3.9613144,367.2855856556375,959.722359736938,341.919592155243,341.919592155243,GC_Direct,341.919592155243,GC Old Rail,0.0,4.116666666666666
213,North Lincolnshire,71000,0.2813190671091516,0.3595009319171442,0.03991760582768875,53.60555919999999,-0.5596582,172.26208165981603,435.6426544412047,,,,172.26208165981603,GC Car,,
214,North Norfolk,20000,0.2150285118090507,0.2036121196444397,0.5039457038582486,52.9124395,1.0469133,153.2124797392509,387.22667499941974,204.95875464003697,191.7325373049129,GC_Staines,153.2124797392509,GC Car,13.226217335124062,8.116666666666667
215,North Somerset,78000,0.2565399499067802,0.5152373880308782,0.06166905115025918,51.3879028,-2.7781091,113.52659707951443,284.56247576270135,121.6985792316665,120.35432306036792,GC_Reading,113.52659707951443,GC Car,1.344256171298582,41.583333333333336
216,North Tyneside,3000,0.0,0.3164642778265732,0.6835357221734268,55.0182399,-1.4858436,270.3655345535249,698.515305888358,264.14929199410966,260.4235405227679,GC_Staines,260.4235405227679,GC New Rail,3.7257514713417663,3.066666666666667
217,North Warwickshire,5000,0.0,0.4543415208264873,0.5456584791735127,52.5423152,-1.6076567,106.29575139822573,267.04323173177863,,,,106.29575139822573,GC Car,,
218,North West Leicestershire,10000,0.0,1.0,0.0,52.7466112,-1.4735321,121.35262669625733,310.92552987395754,155.62093199864583,155.62093199864583,GC_Direct,121.35262669625733,GC Car,0.0,21.116666666666667
219,Northampton,115000,0.2055465604568227,0.6633317969794709,0.03172502624169007,52.23706499999999,-0.8944420999999999,70.44560007434653,172.76158115976042,86.42609121340818,79.29314746071533,GC_Uxbridge,70.44560007434653,GC Car,7.132943752692853,2.7
220,Northumberland,10000,0.3522388219345061,0.1681820012134678,0.113055275428919,55.2082542,-2.0784138,295.58498218557094,760.9412431372657,308.06754585813303,308.06754585813303,GC_Direct,295.58498218557094,GC Car,0.0,0.0
221,Norwich,87000,0.09493430231957965,0.4313247528902512,0.2206085230385755,52.6292567,1.2978802,137.96858590722022,349.89690745518396,130.79253205360757,130.79253205360757,GC_Direct,130.79253205360757,GC Old Rail,0.0,0.11666666666666667
222,Nottingham,167000,0.1909425133166269,0.2870468043620813,0.2044956795482143,52.9540223,-1.1549892,125.08421340778312,316.0076379172093,133.63637471606398,133.63637471606398,GC_Direct,125.08421340778312,GC Car,0.0,0.0
223,Nuneaton and Bedworth,16000,0.0,0.6073934871728383,0.222860164442437,52.52249,-1.4723491,101.90910719502175,256.18938109612407,102.96038666516083,102.96038666516083,GC_Direct,101.90910719502175,GC Car,0.0,2.1166666666666667
224,Oadby and Wigston,12000,0.3236865779402279,0.5298751877953732,0.0,52.5801686,-1.0966272,101.49573208059535,253.79405996656106,124.4553091529099,124.4553091529099,GC_Direct,101.49573208059535,GC Car,0.0,0.0
225,Oldham,3000,0.0,0.2616221526955203,0.0,53.5409298,-2.1113659,196.3479038345883,506.72438052689705,187.3443511593726,187.3443511593726,GC_Direct,187.3443511593726,GC Old Rail,0.0,13.7
226,Oxford,785000,0.1712545051529244,0.2364279321577189,0.03454632068278773,51.7520209,-1.2577263,51.50497802876299,122.89513983422363,35.964317209824905,35.964317209824905,GC_Direct,35.964317209824905,GC Old Rail,0.0,4.616666666666666
227,Pembrokeshire,43000,0.09301720109087454,0.5580427770378882,0.1124333509188617,51.67624559999999,-4.918369999999999,216.92878842765973,558.2861125481068,253.64132324285478,229.8794237225567,GC_Reading,216.92878842765973,GC Car,23.761899520298073,29.583333333333332
228,Pendle,0,0.0,1.0,0.0,53.86945619999999,-2.1639879,221.2280515546032,572.6070274080587,232.6821407267484,232.6821407267484,GC_Direct,221.2280515546032,GC Car,0.0,0.0
229,Perth and Kinross,2000,0.0,0.4665166329028219,0.0,56.39538169999999,-3.4283547,416.8615684601231,1092.342346915888,394.78927904318283,394.78927904318283,GC_Direct,394.78927904318283,GC Old Rail,0.0,0.0
230,Peterborough,107000,0.2774467360511157,0.5249232187155154,0.1976300452333688,52.57031689999999,-0.2407996999999999,96.17644487986426,238.74598270282277,88.78116035131417,88.78116035131417,GC_Direct,88.78116035131417,GC Old Rail,0.0,3.7
231,Plymouth,95000,0.1363348108476488,0.2449208259737259,0.2167742177147308,50.3754565,-4.1426565,192.07071229975534,489.3131825049327,220.44432133618366,177.42421258356705,GC_Reading,177.42421258356705,GC New Rail,43.02010875261661,53.583333333333336
232,Portsmouth,207000,0.3225866478714746,0.451888313689924,0.05405675473880774,50.8197675,-1.0879769,65.83556592053152,161.53417901658332,76.1130730578397,57.99273348711368,GC_Woking,57.99273348711368,GC New Rail,18.120339570726017,37.81666666666667
233,Powys,26000,0.05301431806220441,0.5991138655971401,0.07855778194806072,52.6464249,-3.3260904,179.9977119231538,460.7438625190503,202.16927417473383,198.65041447561364,GC_Reading,179.9977119231538,GC Car,3.518859699120185,13.7
234,Preston,9000,0.7752781190036242,0.1018338961647731,0.0,53.763201,-2.70309,206.82386779570936,533.3683605691446,181.8123073912407,181.8123073912407,GC_Direct,181.8123073912407,GC Old Rail,0.0,13.7
235,Reading,681000,0.3538190971690109,0.3126275294167317,0.01578203512135702,51.45512009999999,-0.9787475,31.489461018612026,71.6012503235445,46.4320702226963,31.495836664312286,GC_Staines,31.489461018612026,GC Car,14.93623355838401,0.0
236,Redbridge,224000,0.2637764436726636,0.4154105452685506,0.3079669902935593,51.5748179,0.0507539,56.00027356467755,137.28244451674487,41.258824492140285,41.258824492140285,GC_Direct,41.258824492140285,GC Old Rail,0.0,7.7
237,Redcar and Cleveland,5000,0.0,0.3733957270293601,0.3286336112111857,54.59713439999999,-1.0775997,243.62188421198235,628.4943487005305,242.48742315102368,242.48742315102368,GC_Direct,242.48742315102368,GC Old Rail,0.0,9.3
238,Redditch,12000,0.2674174172358326,0.5157484424790797,0.0,52.30897,-1.940936,99.88565472250954,254.37111832870838,139.69828502745693,137.4407985819687,GC_Reading,99.88565472250954,GC Car,2.25748644548824,13.7
239,Reigate and Banstead,108000,0.4164438576632473,0.4383011501496685,0.04134241218925013,51.3058308,-0.2193665,34.31972127641101,79.51275382391498,56.6968737475283,48.89311727242958,GC_Staines,34.31972127641101,GC Car,7.803756475098723,22.7
240,Rhondda Cynon Taf,35000,0.1732898823947471,0.4608515643979695,0.0,51.64902069999999,-3.4288692,144.94591443405403,368.54953020200867,159.19992019179563,153.34848501059176,GC_Reading,144.94591443405403,GC Car,5.851435181203868,33.583333333333336
241,Ribble Valley,4000,0.0,0.643900212459194,0.356099787540806,53.9289626,-2.4627718,227.75205033428833,584.746695344044,,,,227.75205033428833,GC Car,,
242,Richmond upon Thames,889000,0.5669485072233192,0.2616081254955721,0.1169986724863231,51.46132619999999,-0.3035268,20.902058626178857,41.55720048557464,22.785627038886556,13.905278468940562,GC_Staines,13.905278468940562,GC New Rail,8.880348569945994,20.583333333333332
243,Richmondshire,7000,0.2572630096595588,0.593775273140314,0.1489617172001272,54.3299809,-2.0118584,247.08410169865567,624.6219669104818,,,,247.08410169865567,GC Car,,
244,Rochdale,5000,0.0,0.7367613400442332,0.0,53.6097136,-2.1561,201.3339035974741,521.2796819911013,210.59996397037173,190.62981042716035,GC_Staines,190.62981042716035,GC New Rail,19.97015354321138,13.7
245,Rochford,46000,0.3214703810895648,0.5978655230661715,0.0806640958442638,51.582071,0.706515,78.81380552749414,193.15483601204062,65.29767549973106,65.29767549973106,GC_Direct,65.29767549973106,GC Old Rail,0.0,7.7
246,Rother,18000,0.3520501140485816,0.4479066705752309,0.05535605594647234,50.969873,0.4159547,77.11477695264033,189.29385408985186,106.66546997204146,105.33035016065895,GC_Staines,77.11477695264033,GC Car,1.335119811382512,7.116666666666666
247,Rotherham,34000,0.01168749216168933,0.5217808813539624,0.1750380211663095,53.4326035,-1.3635009,157.33133682179263,402.7093110223967,167.1115569698979,167.1115569698979,GC_Direct,157.33133682179263,GC Car,0.0,0.0
248,Rugby,36000,0.1695335224127698,0.6125118738258619,0.1602017973905503,52.370878,-1.265032,86.67033716679065,214.5464267438844,92.95836408379002,86.15209738983643,GC_Uxbridge,86.15209738983643,GC New Rail,6.806266693953589,4.7
249,Runnymede,219000,0.5469108529726443,0.4040375241833532,0.0,51.40871929999999,-0.5405584999999999,16.213945264185735,33.33329543257775,29.131697916488267,20.93185265071099,GC_Staines,16.213945264185735,GC Car,8.199845265777277,18.583333333333332
250,Rushcliffe,43000,0.1441998703574877,0.5230266377744726,0.2034707826549958,52.8912108,-1.0209505,119.40256182143979,302.5278448567214,224.81465869636847,224.81465869636847,GC_Direct,119.40256182143979,GC Car,0.0,8.016666666666667
251,Rushmoor,123000,0.2971761180118275,0.6361518971622795,0.0,51.2711826,-0.7618473,26.90725755621492,60.35970825028828,38.06811191593243,28.833388824486875,GC_Woking,26.90725755621492,GC Car,9.234723091445552,45.81666666666667
252,Rutland,20000,0.08193083566012381,0.3124121439860011,0.4506700979258206,52.6583014,-0.639643,113.72404883599413,282.29765105802306,161.22161728767784,161.22161728767784,GC_Direct,113.72404883599413,GC Car,0.0,3.7
253,Ryedale,2000,0.0,0.0,1.0,54.1698076,-0.7282461,226.36803420703663,580.0563269233055,,,,226.36803420703663,GC Car,,
254,Salford,77000,0.2172088341531629,0.1732963613829344,0.5219157905967343,53.48752349999999,-2.2901264,191.61878000925577,496.45886538586984,176.85461332999313,176.85461332999313,GC_Direct,176.85461332999313,GC Old Rail,0.0,7.7
255,Sandwell,50000,0.2127424137941463,0.3616180972863081,0.09699653068614494,52.5361674,-2.010793,115.15709677647527,295.4554252838137,131.15234774648027,121.24153094725209,GC_Reading,115.15709677647527,GC Car,9.910816799228186,33.53333333333333
256,Scarborough,20000,0.1386624702574123,0.2988042411416342,0.3318917685005904,54.283113,-0.399752,233.62975698415195,592.5578486242032,213.1744125835913,213.1744125835913,GC_Direct,213.1744125835913,GC Old Rail,0.0,2.7
257,Scottish Borders,8000,0.1632073444341053,0.1805833503488725,0.2188902311423742,55.54856969999999,-2.7861388,338.3156578517604,876.9796716710902,,,,338.3156578517604,GC Car,,
258,Sedgemoor,48000,0.06114688049749303,0.4032979364922211,0.157041691737229,51.2238481,-2.9736071,126.89196853365269,326.1274414604426,142.13497498747225,125.39139947246622,GC_Reading,125.39139947246622,GC New Rail,16.74357551500603,40.583333333333336
259,Sefton,13000,0.8166834072875754,0.0522584666599619,0.1310581260524627,53.5034449,-2.970359,199.01160134450424,516.8775022728352,206.09571202054744,206.09571202054744,GC_Direct,199.01160134450424,GC Car,0.0,0.0
260,Selby,1000,0.0,0.4671096753049209,0.532890324695079,53.78352400000001,-1.067189,189.06819978761828,485.2390201239053,164.9094061165987,164.9094061165987,GC_Direct,164.9094061165987,GC Old Rail,0.0,0.0
261,Sevenoaks,85000,0.2524714326360536,0.5191632004749066,0.14994501513525,51.27241000000001,0.190898,48.4190020787628,115.96745299653034,53.536335956218664,48.48787997498958,GC_Staines,48.4190020787628,GC Car,5.048455981229083,22.7
262,Sheffield,96000,0.1024235414058388,0.3534917832201487,0.3443326617938502,53.38112899999999,-1.470085,162.76566269904254,414.56047858630075,169.60251089867174,169.60251089867174,GC_Direct,162.76566269904254,GC Car,0.0,0.0
263,Shropshire,79000,0.1164723011128422,0.5728428014159727,0.1224380043045883,52.7063657,-2.7417849,151.3756600365983,390.3153408995608,180.01923824756443,162.54919989842116,GC_Reading,151.3756600365983,GC Car,17.470038349143266,23.766666666666666
264,Slough,356000,0.4262843698908744,0.5012355774468766,0.008464995049820175,51.51053839999999,-0.5950405999999999,15.471425801576377,29.56609318075045,11.438646040773744,11.438646040773744,GC_Direct,11.438646040773744,GC Old Rail,0.0,0.0
265,Solihull,55000,0.08937251674448689,0.4734816438171371,0.1982108759337891,52.411811,-1.77761,96.31154800381947,245.3277732887189,111.57786138956291,103.92933108348359,GC_Reading,96.31154800381947,GC Car,7.648530306079323,36.61666666666667
266,Somerset West and Taunton,10000,0.0,0.7630842303816857,0.0,51.0192705,-3.1059235,143.11358962883577,368.24400333880385,133.56249762342844,107.24211400004364,GC_Reading,107.24211400004364,GC New Rail,26.3203836233848,43.583333333333336
267,South Ayrshire,1000,0.5779030326220596,0.4220969673779405,0.0,55.4588988,-4.6291994,381.2708715974922,990.936119463077,377.55640723684473,377.55640723684473,GC_Direct,377.55640723684473,GC Old Rail,0.0,13.15
268,South Bucks,222000,0.5047456161400178,0.432305987791467,0.004292262985648801,51.6023284,-0.6319694,17.85056686456834,37.47602947657078,31.385566011031262,24.640831736969744,GC_Uxbridge,17.85056686456834,GC Car,6.744734274061518,1.0166666666666666
269,South Cambridgeshire,110000,0.3151529166433178,0.3181806293407627,0.2755527129585488,52.1487594,0.0480241,67.39061105671003,163.48468067531147,99.77915487481486,99.77915487481486,GC_Direct,67.39061105671003,GC Car,0.0,3.7
270,South Derbyshire,26000,0.2427922705668381,0.3892438455904534,0.05902684880720723,52.8429447,-1.5237491,125.4339639786925,318.5193418354537,163.9145511259916,163.91441436670638,GC_Reading,125.4339639786925,GC Car,0.00013675928522616232,21.116666666666667
271,South Gloucestershire,115000,0.03073093148007702,0.6207103199854815,0.003826075452371722,51.5264361,-2.4728487,95.96207432785279,241.67754340213168,106.18656177773674,103.59681143974026,GC_Reading,95.96207432785279,GC Car,2.5897503379964775,72.58333333333333
272,South Hams,34000,0.07979242018631548,0.3401242881225733,0.4904889753690868,50.4102244,-3.8009332,177.49132744949324,451.8038481101368,197.57969228678974,189.21427548989664,GC_Staines,177.49132744949324,GC Car,8.3654167968931,81.58333333333333
273,South Holland,27000,0.09985358081935757,0.7778707272005331,0.1222756919801094,52.7455834,-0.0490706,110.10456362216381,273.48686630525134,1308.616617743953,147.71326722583188,GC_Staines,110.10456362216381,GC Car,1160.903350518121,0.0
274,South Kesteven,43000,0.05558332802800207,0.5485221090073747,0.3548636372748937,52.8300224,-0.5440818,114.81181799023717,289.13166463544576,136.31511579165561,136.31511579165561,GC_Direct,114.81181799023717,GC Car,0.0,0.0
275,South Lakeland,13000,0.2089879209567085,0.2325984166849017,0.4445027478199465,54.33135499999999,-2.74009,243.30803185699432,632.5463736617094,220.36842384405924,220.36842384405924,GC_Direct,220.36842384405924,GC Old Rail,0.0,13.7
276,South Lanarkshire,9000,0.7255512896511307,0.2744487103488692,0.0,55.6735909,-3.7819661,351.83074264745164,918.9070018593027,343.0595744833881,343.0595744833881,GC_Direct,343.0595744833881,GC Old Rail,0.0,0.0
277,South Norfolk,21000,0.0,0.6061523998059357,0.2748171900723497,52.4828179,1.2294887,134.6977720154432,341.15405720067446,157.60994321788905,157.60994321788905,GC_Direct,134.6977720154432,GC Car,0.0,0.11666666666666667
278,South Northamptonshire,71000,0.2199604411618896,0.4969751015911525,0.1573226833729236,52.1443849,-1.0182433,72.44057602180446,180.66881865543064,119.42560620198732,119.42560620198732,GC_Direct,72.44057602180446,GC Car,0.0,2.7
279,South Oxfordshire,256000,0.3182024285717102,0.482467114714959,0.03894519030870003,51.6361801,-1.0961011,40.8109848266517,95.84752713592133,77.70764861381501,62.003604109698685,GC_Reading,40.8109848266517,GC Car,15.704044504116325,50.583333333333336
280,South Ribble,5000,0.3602155797021694,0.0,0.3303777845578765,53.7271964,-2.6907306,202.74527138634966,524.8054364229486,199.71195554923068,197.32015050731067,GC_Staines,197.32015050731067,GC New Rail,2.3918050419200085,13.7
281,South Somerset,78000,0.1724586555802343,0.6916854367402481,0.0432392059631046,51.02290660000001,-2.7019371,107.38599010514169,271.4165057202386,138.39302992520842,122.36248102825849,GC_Woking,107.38599010514169,GC Car,16.030548896949938,48.81666666666667
282,South Staffordshire,6000,0.0,1.0,0.0,52.6615371,-2.1727483,129.5086080295976,332.09240387137135,167.1206784887039,167.1206784887039,GC_Direct,129.5086080295976,GC Car,0.0,13.7
283,South Tyneside,6000,0.0,0.2384468297234167,0.2935421554517744,54.9636693,-1.4418634,267.76822010024955,691.6920161905724,260.2340690876523,252.01153082192405,GC_Staines,252.01153082192405,GC New Rail,8.222538265728247,28.7
284,Southampton,491000,0.2198013022751381,0.1861012300974934,0.02761479047357624,50.9105468,-1.4049018,62.81151228975571,155.12076452980443,73.04710839411607,53.49264253603759,GC_Woking,53.49264253603759,GC New Rail,19.554465858078473,55.583333333333336
285,Southend-on-Sea,58000,0.146918458201641,0.6373905211138697,0.1712355161822987,51.5459269,0.7077123,78.47675574962493,192.23206289416868,67.26957818381423,67.26957818381423,GC_Direct,67.26957818381423,GC Old Rail,0.0,7.7
286,Southwark,950000,0.3541046106657496,0.06535513341284716,0.5556551427259051,51.502781,-0.087738,33.78514938552002,65.92811668888663,29.12184447779585,29.12184447779585,GC_Direct,29.12184447779585,GC Old Rail,0.0,15.316666666666666
287,Spelthorne,312000,0.4774440306708027,0.4230575673405017,0.02298832167297015,51.4195668,-0.4580861,13.745547453092504,25.019789067667425,19.077133032166913,18.775694818359543,GC_Staines,13.745547453092504,GC Car,0.30143821380736924,15.383333333333333
288,St Albans,165000,0.5123586631795125,0.3746846133445742,0.059910999418158,51.752725,-0.339436,31.31131676657906,69.95973040198241,47.48456835684122,46.8564293400739,GC_Uxbridge,31.31131676657906,GC Car,0.6281390167673209,0.36666666666666664
289,St. Helens,4000,0.0,0.7086574110553294,0.0,53.456307,-2.737095,188.94886211211187,487.86176305287023,189.55531707917532,189.55026961058869,GC_Staines,188.94886211211187,GC Car,0.00504746858663907,13.7
290,Stafford,25000,0.1509528670999137,0.6246388483088086,0.1854855944402457,52.806693,-2.12066,133.84451292621526,341.84158626062566,127.18249893327533,127.18249893327533,GC_Direct,127.18249893327533,GC Old Rail,0.0,7.7
291,Staffordshire Moorlands,5000,0.1759347566294449,0.5664142098328534,0.2576510335377017,53.0725787,-1.9728995,156.33252430611984,395.63221983347887,,,,156.33252430611984,GC Car,,
292,Stevenage,69000,0.3028085978502731,0.4162985040677943,0.2117692988589015,51.903761,-0.196612,44.58779458220632,105.39669636803158,50.66535094315975,50.66535094315975,GC_Direct,44.58779458220632,GC Car,0.0,11.7
293,Stirling,1000,0.0,0.0,0.0,56.1165227,-3.9369029,384.1645434203524,1005.8044759392734,363.9579043119772,363.9579043119772,GC_Direct,363.9579043119772,GC Old Rail,0.0,0.0
294,Stockport,6000,0.0,0.1318117671360289,0.5202819536391626,53.41063159999999,-2.1575332,185.55208598972308,480.08698476810434,166.2033818984709,166.2033818984709,GC_Direct,166.2033818984709,GC Old Rail,0.0,13.7
295,Stockton-on-Tees,5000,0.1244715649785881,0.875528435021412,0.0,54.5704551,-1.3289821,240.86956484217174,619.857748196839,212.23916426498351,212.23916426498351,GC_Direct,212.23916426498351,GC Old Rail,0.0,2.7
296,Stoke-on-Trent,111000,0.428396012173453,0.2278083289931617,0.03919696488148586,53.0033369,-2.1827408,146.8596489505467,378.95625314854095,134.33641759690983,134.33641759690983,GC_Direct,134.33641759690983,GC Old Rail,0.0,12.7
297,Stratford-on-Avon,47000,0.1353374945922688,0.657914547780051,0.0307682177689229,52.19173,-1.708298,89.46643103669182,225.35704395875928,120.33424353015255,111.19881203062272,GC_Reading,89.46643103669182,GC Car,9.13543149952983,44.583333333333336
298,Stroud,83000,0.1302470536836017,0.6214359935584203,0.1277825273147059,51.745734,-2.217758,93.95921028528089,234.53281188593706,103.03336748675903,77.91600722980651,GC_Reading,77.91600722980651,GC New Rail,25.117360256952523,47.583333333333336
299,Sunderland,17000,0.0,0.102938721094613,0.3135215373608242,54.906869,-1.383801,263.8087766170299,679.2144019044149,245.7773626439493,245.7773626439493,GC_Direct,245.7773626439493,GC Old Rail,0.0,34.06666666666667
300,Surrey Heath,196000,0.3109198567189478,0.6688455968115223,0.01569441934692573,51.3346227,-0.6689303000000001,21.67063731944964,46.05463572873544,34.040522589997295,29.9448156788784,GC_Woking,21.67063731944964,GC Car,4.095706911118896,0.0
301,Sutton,174000,0.4394767538266822,0.3391455791141046,0.05496464576099476,51.3614279,-0.193961,35.767828911465756,78.19173312064468,39.06622949723288,34.57090713875233,GC_Staines,34.57090713875233,GC New Rail,4.49532235848055,39.5
302,Swale,48000,0.2094510266024232,0.6962383402848642,0.0584223715759398,51.323167,0.8224796,77.26737546929986,189.2477916647589,86.07802683663137,86.07802683663137,GC_Direct,77.26737546929986,GC Car,0.0,3.7
303,Swansea,151000,0.06229724936842083,0.3780136758101366,0.2576577275115109,51.62144,-3.943645999999999,164.97037582814997,423.1577837096418,158.8365247410856,152.04789469871727,GC_Reading,152.04789469871727,GC New Rail,6.7886300423683394,33.583333333333336
304,Swindon,241000,0.2220999864265978,0.5928227584996743,0.07907152117822415,51.5581438,-1.7798258,67.75711321200768,167.08571872731207,77.61926432446405,55.80367378893079,GC_Reading,55.80367378893079,GC New Rail,21.815590535533268,41.583333333333336
305,Tameside,16000,0.1488216742201249,0.3190080031942699,0.1799198309801805,53.4805828,-2.0809891,193.1248286123012,498.7726152826133,187.59117769585498,187.59117769585498,GC_Direct,187.59117769585498,GC Old Rail,0.0,13.7
306,Tamworth,8000,0.2679499733736667,0.5204211307229234,0.05031582674997705,52.633584,-1.691032,112.17209121342405,284.96234187518604,150.0652790707271,119.0063574633266,GC_Staines,112.17209121342405,GC Car,31.058921607400492,2.1166666666666667
307,Tandridge,72000,0.3804883513322133,0.5717026157267188,0.04780903294106798,51.2271772,-0.0472327,38.16840161294791,90.55799672647271,64.36184299843276,55.53229016025118,GC_Staines,38.16840161294791,GC Car,8.829552838181584,22.7
308,Teignbridge,53000,0.04930012325941896,0.5935907162853112,0.1210975462465699,50.5247502,-3.5932822,167.22157493034308,425.60111499024345,220.79181397129327,213.034762834631,GC_Staines,167.22157493034308,GC Car,7.757051136662255,29.583333333333332
309,Telford and Wrekin,20000,0.3050728978267342,0.549620002081756,0.1453071000915098,52.7409916,-2.4868586,145.02273613497752,371.48595024759516,,,,145.02273613497752,GC Car,,
310,Tendring,41000,0.3083164111427826,0.3612189797228575,0.1596489167547948,51.8748081,1.1145037,103.98354150539429,261.44891923788094,95.44448532534913,95.44448532534913,GC_Direct,95.44448532534913,GC Old Rail,0.0,0.0
311,Test Valley,106000,0.2418438930486552,0.5800163423149762,0.02924435006529855,51.1273626,-1.5518375,58.795824691948376,143.74249724094364,95.07547392367435,87.86923339005989,GC_Woking,58.795824691948376,GC Car,7.206240533614462,43.583333333333336
312,Tewkesbury,42000,0.2637686949198047,0.2933916417993361,0.1248543628596903,51.992265,-2.15796,103.35957546263995,262.044899259973,135.3471361905447,113.42056059388727,GC_Reading,103.35957546263995,GC Car,21.926575596657415,55.583333333333336
313,Thanet,37000,0.1169905759652221,0.3768614868718189,0.4461191013392038,51.3602516,1.3484663,99.15958080382872,248.89117201513275,118.45669174450832,118.45669174450832,GC_Direct,99.15958080382872,GC Car,0.0,0.11666666666666667
314,Three Rivers,117000,0.4036065213458521,0.4851181412225639,0.03886629716577722,51.6509104,-0.4618996,22.554191281878833,48.256999886648494,59.40124974759354,36.566147221342476,GC_Uxbridge,22.554191281878833,GC Car,22.835102526251063,0.0
315,Thurrock,67000,0.3060721015245852,0.3457771434456397,0.2262090334054315,51.4934557,0.3529197,64.37928695719023,157.13156242415184,70.35878857511426,70.35878857511426,GC_Direct,64.37928695719023,GC Car,0.0,2.7
316,Tonbridge and Malling,92000,0.1649980757849178,0.518465903591055,0.303600372789318,51.2836053,0.350279,53.974079913614034,132.33136488757853,78.0538738348325,74.00704519900837,GC_Staines,53.974079913614034,GC Car,4.046828635824127,17.7
317,Torbay,46000,0.08750824878868255,0.3891289142069821,0.1710059550172235,50.4619209,-3.525315,172.88332421497984,437.01283941997076,203.12765104069894,162.77163315216444,GC_Reading,162.77163315216444,GC New Rail,40.356017888534495,37.583333333333336
318,Torfaen,19000,0.09429845018718744,0.6260700250049408,0.0,51.7002253,-3.0446015,124.88783502014346,319.2444563680252,131.5814846615192,124.82523285122113,GC_Reading,124.82523285122113,GC New Rail,6.7562518102980675,33.583333333333336
319,Torridge,19000,0.2020617985403395,0.5718505893411526,0.05676365273803054,50.89284780000001,-4.2654808,203.15657431953676,519.0946247004383,255.29039537073612,211.67886720892074,GC_Reading,203.15657431953676,GC Car,43.611528161815386,49.583333333333336
320,Tower Hamlets,1032000,0.3166794514166161,0.04988040370397105,0.6258315467821999,51.5251066,-0.0347399,62.317339850450274,152.33033275437364,30.937529776048223,30.937529776048223,GC_Direct,30.937529776048223,GC Old Rail,0.0,0.0
321,Trafford,19000,0.4067845479907284,0.3015525223837895,0.2303910750040452,53.4215129,-2.3517259,179.78992532617437,462.5478677124943,188.87954437840452,188.87954437840452,GC_Direct,179.78992532617437,GC Car,0.0,46.166666666666664
322,Tunbridge Wells,82000,0.2869016696325605,0.6547722241199924,0.05832610624744714,51.132377,0.263695,59.54946365801005,146.45383252972144,66.76649265707692,65.44308412112412,GC_Staines,59.54946365801005,GC Car,1.323408535952808,5.116666666666666
323,Unspecified,32000,0.3833715485554055,0.02218583196411017,0.5690102269648826,55.378051,-3.435973,324.5586321366998,846.8009407849659,,,,324.5586321366998,GC Car,,
324,Uttlesford,106000,0.3673777861439173,0.2373878317800842,0.2053345505857963,51.9789421,0.2391245,71.41094388673677,175.55218066703182,86.32246922390496,82.51461747918182,GC_Staines,71.41094388673677,GC Car,3.8078517447231377,11.116666666666667
325,Vale of Glamorgan,59000,0.0466670818447425,0.2932180651823136,0.04091840323450419,51.4095958,-3.4848167,150.00111876676328,383.5098012080125,151.3427859469304,145.48156822663233,GC_Reading,145.48156822663233,GC New Rail,5.861217720298072,33.583333333333336
326,Vale of White Horse,156000,0.2217321947666857,0.4277711481601527,0.04730244138045588,51.6319428,-1.4829103,64.44594087601953,155.80012830689185,100.8585322227695,85.81297119000442,GC_Reading,64.44594087601953,GC Car,15.045561032765079,41.583333333333336
327,Wakefield,11000,0.0,0.2542663396685712,0.6595631616806358,53.683298,-1.505924,178.50279427811688,456.2158679604961,165.27328369729105,165.27328369729105,GC_Direct,165.27328369729105,GC Old Rail,0.0,0.0
328,Walsall,18000,0.0,0.7254481424106668,0.1640691999073485,52.586214,-1.982919,120.7657988384561,309.0973043003225,129.55434104462026,123.57728481242809,GC_Reading,120.7657988384561,GC Car,5.977056232192169,25.116666666666667
329,Waltham Forest,265000,0.3237921013687536,0.1876737647308653,0.4750747854641499,51.5901724,-0.0173754,42.300610438492505,92.77168180936505,44.32923021509226,43.713630825859255,GC_Staines,42.300610438492505,GC Car,0.6155993892330045,7.7
330,Wandsworth,871000,0.450701238161199,0.1314110524106168,0.4030801228190891,51.45837299999999,-0.1891356,26.806194056349348,53.36613602013576,32.577632271919626,26.50416051264733,GC_Staines,26.50416051264733,GC New Rail,6.073471759272294,33.016666666666666
331,Warrington,16000,0.07151231826767533,0.1586215004644711,0.401680504489151,53.39203999999999,-2.6023453,181.23962611267433,468.18250580248514,159.70362493308716,159.70362493308716,GC_Direct,159.70362493308716,GC Old Rail,0.0,65.7
332,Warwick,96000,0.1371436717451151,0.5822275086826714,0.1935541218881348,52.28231599999999,-1.584927,80.87263136790877,205.01986439511245,101.9292001648361,89.77379285737587,GC_Reading,80.87263136790877,GC Car,12.155407307460237,36.61666666666667
333,Watford,255000,0.4989493100148907,0.4240649665379599,0.02787536356725458,51.66112829999999,-0.3970199,25.79576070926953,56.71505122587883,44.67961464645866,34.665197527147825,GC_Uxbridge,25.79576070926953,GC Car,10.014417119310835,0.0
334,Waverley,118000,0.2681432353686118,0.6427254983386657,0.01384374890371793,51.1565897,-0.6764416999999999,35.987889733621984,83.9192721636865,57.28001688260434,42.44112452593432,GC_Woking,35.987889733621984,GC Car,14.838892356670023,38.81666666666667
335,Wealden,63000,0.2788552482005507,0.5463282600641756,0.1428111611226166,50.9703846,0.2306394,74.88128693438438,182.72060180880496,97.46195083261725,93.63205433414414,GC_Staines,74.88128693438438,GC Car,3.8298964984731043,23.7
336,Wellingborough,22000,0.2642892689311289,0.6940379766811545,0.0,52.302419,-0.6939639999999999,79.7646714097223,196.36372133080798,86.30465430147848,86.30465430147848,GC_Direct,79.7646714097223,GC Car,0.0,0.0
337,Welwyn Hatfield,100000,0.4493280289544823,0.3949348036991902,0.1070032751914425,51.7465017,-0.2133693,36.366999976344374,84.01951094357318,56.590498563893085,56.590498563893085,GC_Direct,36.366999976344374,GC Car,0.0,13.7
338,West Berkshire,282000,0.2414987620905346,0.5820578957552247,0.03028917026422709,51.4308255,-1.1444927,38.42814513647213,90.707683953627,52.95669724338078,52.95669724338078,GC_Direct,38.42814513647213,GC Car,0.0,56.1
339,West Devon,20000,0.1582907587078009,0.4957915041033927,0.07586507643359097,50.651337,-4.0309135,187.99878606007525,475.0367991586126,,,,187.99878606007525,GC Car,,
340,West Lancashire,2000,0.0,0.0,1.0,53.5728525,-2.8558128,197.99402933607934,511.3252377817776,207.5255346196442,207.5255346196442,GC_Direct,197.99402933607934,GC Car,0.0,9.416666666666666
341,West Lindsey,9000,0.1234363361387272,0.5250097537700821,0.2760242795514684,53.3465722,-0.4531518,157.6505729991645,399.0450688794633,,,,157.6505729991645,GC Car,,
342,West Lothian,2000,0.4805229129954199,0.0,0.5194770870045802,55.9070198,-3.5517167,381.230386949512,998.4009146192402,354.26838711546543,350.22365632841536,GC_Staines,350.22365632841536,GC New Rail,4.044730787050071,1.7
343,West Oxfordshire,89000,0.1129375894781221,0.4671322593114537,0.03340656805204321,51.8005816,-1.4919143,59.38507009870567,142.16978930036598,100.18119839858247,79.01001638691639,GC_Reading,59.38507009870567,GC Car,21.171182011666076,24.616666666666667
344,West Suffolk,149000,0.1935848483156143,0.5787245700453567,0.09649177266161166,52.1872472,0.9707800999999999,116.1534216921258,295.1086903115599,115.11207681270238,115.11207681270238,GC_Direct,115.11207681270238,GC Old Rail,0.0,0.11666666666666667
345,Westminster,5592000,0.3970340306283903,0.05916599704172763,0.5181320035121416,51.4974948,-0.1356583,27.572441313486348,55.311291401099915,27.31820036509556,27.31820036509556,GC_Direct,27.31820036509556,GC Old Rail,0.0,2.65
346,Wigan,43000,0.1905405062860089,0.2278728886053786,0.01036550004923361,53.5450645,-2.6325074,190.66686382003797,492.0121954466676,169.55785325741192,169.55785325741192,GC_Direct,169.55785325741192,GC Old Rail,0.0,13.7
347,Wiltshire,406000,0.1459664092639355,0.6473867260747895,0.04211372672829658,51.3491996,-1.9927105,79.43892578284651,194.30971877873301,102.41859106887836,87.01413199729774,GC_Reading,79.43892578284651,GC Car,15.404459071580618,35.583333333333336
348,Winchester,154000,0.2562632325331052,0.5650637974677984,0.01810271192771497,51.059771,-1.310142,53.60951678660492,131.01546767330382,59.56737015091259,41.40400646393967,GC_Woking,41.40400646393967,GC New Rail,18.163363686972914,36.81666666666667
349,Windsor and Maidenhead,664000,0.5947878184264946,0.3659135822310422,0.01380069091525823,51.47997119999999,-0.6242565,14.901534226617184,29.435494110793307,23.414906790283265,19.509642355892016,GC_Staines,14.901534226617184,GC Car,3.905264434391249,12.05
350,Wirral,16000,0.09583405524985596,0.3465587365662534,0.5576072081838908,53.3727181,-3.073754,201.91393401266095,524.4721504243578,195.41763519925865,195.41763519925865,GC_Direct,195.41763519925865,GC Old Rail,0.0,7.7
351,Woking,278000,0.347475641734346,0.4834824580400586,0.008638212331842468,51.316774,-0.5600349,19.774335551990596,40.1767210019266,17.641960646226778,17.641960646226778,GC_Direct,17.641960646226778,GC Old Rail,0.0,0.0
352,Wokingham,256000,0.4563443162685308,0.4649023324897509,0.009441325009885676,51.410457,-0.833861,30.080562986059956,68.34937566703478,30.224079494361888,23.583802947465962,GC_Staines,23.583802947465962,GC New Rail,6.640276546895926,23.583333333333332
353,Wolverhampton,51000,0.1036037789676997,0.6245377994758392,0.2221882984276259,52.5868159,-2.1256587,125.53009333680062,319.600381778025,139.238498660867,122.10939775793989,GC_Reading,122.10939775793989,GC New Rail,17.12910090292712,40.583333333333336
354,Worcester,43000,0.0,0.8409488809491882,0.1341375997476594,52.1941389,-2.2190523,114.77069835222507,293.3090587981222,126.29354298098367,100.92606092619258,GC_Reading,100.92606092619258,GC New Rail,25.367482054791097,55.583333333333336
355,Worthing,32000,0.553898638802797,0.4161092797703304,0.0,50.81787,-0.372882,72.71031382896206,179.90141577137325,85.9338553898631,75.800570645869,GC_Staines,72.71031382896206,GC Car,10.133284743994096,25.033333333333335
356,Wrexham,16000,0.3578834032007267,0.2783957711240116,0.1718010934153886,53.04304,-2.992494,177.3343145736815,451.92104329477223,187.46774885105881,185.9476428696099,GC_Staines,177.3343145736815,GC Car,1.5201059814489213,7.7
357,Wychavon,33000,0.3523804001870338,0.5473936578759616,0.0,52.1525178,-2.0330954,107.69412431728414,271.85614787973833,134.3227200013265,112.40770467583653,GC_Reading,107.69412431728414,GC Car,21.915015325489975,49.583333333333336
358,Wycombe,325000,0.4238914719930911,0.512928855366083,0.04352599472852186,51.638511,-0.8078596,28.597209154212184,62.605537413001514,37.01419740712453,37.01419740712453,GC_Direct,28.597209154212184,GC Car,0.0,7.616666666666666
359,Wyre,3000,0.4920935611674018,0.0,0.5079064388325981,53.89960989999999,-2.8093014,218.46117346178514,564.2934985142913,237.38425431451813,237.38425431451813,GC_Direct,218.46117346178514,GC Car,0.0,14.7
360,Wyre Forest,17000,0.1381306740408627,0.8091986619625305,0.0,52.4038046,-2.2537632,114.54335538129504,289.05813224634534,144.34505884232874,144.34505884232874,GC_Direct,114.54335538129504,GC Car,0.0,39.333333333333336
361,York,52000,0.1229273550439154,0.1503108322376374,0.6358214466262941,53.9614205,-1.0739108,203.80947914260625,520.7669492856463,173.80623930808034,170.35470179910297,GC_Staines,170.35470179910297,GC New Rail,3.451537508977367,7.7
